hotel_id,room_name
15070704,"Desert Horizon Room, 1 King Size Bed"
15070704,"Desert Horizon Room, 2 Single Beds"
15070704,"Canyon Deluxe Room, 1 King Size Bed"
15070704,"Canyon Deluxe Room, 2 Single Beds"
15070704,Skyline Executive Room
15070704,Charles Royal Suite
15070704,Palm Garden Villa
15070704,Oasis pool Villa
15071820,Deluxe Garden View
15071820,Deluxe Pool View
15071820,Deluxe Garden Access
15071820,Deluxe Ocean View
15071820,Grand Deluxe Oceanfront
15071820,Junior Suite
15071820,Family Suite
15071820,Discovery Suite
15071820,Presidential Suite
15071820,Villa 2 Bedroom Beachfront
15075114,Three Bedroom Villa
15075114,Deluxe Family Villa 3-Bedroom Safari
15075114,Ocean Haven Villa 3-Bedroom
15075114,Four Bedroom Villa
15075114,Deluxe Family Villa 4-Bedroom Nautilus
15075114,Ocean Haven Villa 4-Bedroom
15075114,Two Bedroom Villa
15075114,Ocean Haven Villa 2-Bedroom
15085629,Superior Double Room
15085629,Superior Triple Room
15085629,Bungalow Garden View Room
15085629,Bungalow Pool View Room
15085629,Family Room
15127892,DELUXE ROOM
15127892,DELUXE TWIN ROOM
15127892,SUPERIOR ROOM
15127892,SUITE ROOM
15139101,Superior King Bed City View
15139101,Superior Twin Bed City View
15139101,Superior King Bed Ocean View
15139101,Superior Twin Bed Ocean View
15139101,"Premier King Bed City View Buffet Breakfast, Airport Transfers T1 and T2, Premier Lounge."
15139101,"Premier Twin Bed City View Buffet Breakfast, Airport Transfers T1 and T2, Premier Lounge."
15139101,"Premier King Bed Ocean View Buffet Breakfast, Airport Transfers T1 and T2, Premier Lounge."
15139101,"Executive Suite King Bed City View Buffet Breakfast, Airport Transfers T1 T2, Premier Lounge."
15139101,"Executive Suite King Bed Ocean View Buffet Breakfast, Airport Transfers T1 T2, Premier Lounge."
15139101,"Royal Suite King Bed Ocean View Buffet Breakfast, Airport Transfers T1 T2, Premier Lounge."
15156894,Deluxe Rooms
15156894,Family Rooms
15163751,Standard Room
15163751,Suite
15175220,Studio
15175220,Studio Executive
15175220,One Bedroom Deluxe
15175220,One Bedroom Executive
15175220,Two Bedroom Deluxe
15175220,Two Bedroom Executive
15175220,Three Bedroom Deluxe
15175220,Three Bedroom Execuitve
15175220,Four Bedroom Deluxe
15175220,Four Bedroom Duplex
15178386,Deluxe Cottage
15178386,Premium Cottage
15178386,Suite Cottage
15178386,Suite Sea Facing Cottage
15178386,Family Suite Cottage
15178386,Luxury Suite Sea Facing Cottage
15178386,Ocean Suite Private Pool Villa
15178386,Havelock Paradise Private Pool Villa
15178386,Presidential Ocean Suite Private Pool Villa
15186091,Standard room
15186091,Club room
15186091,Executive Club room
15186091,Suite
15192169,Cozy Classic Room
15192169,Deluxe City View
15192169,Premium The Double Room
15192169,Family Connecting Suite
15192169,Sky Executive Suite
15192169,Superior Room
15192169,Classic Wing Room
15192169,Chic Wing Room
15192169,Premier Double Room
15192169,Haute Couture Suite Room
15212160,Luxury Room with Patio
15212160,Premier Room
15212160,Premier Suite with Patio
15212160,Dr. TB Cunha Suite
15225777,Comfy Room
15225777,Comfy Room with Canal View
15225777,Guest Suite
15225777,Guest Suite with Canal View
15225777,Master Suite with Canal View
15234592,Superior Studio
15234592,Deluxe Studio
15234592,Family Studio
15234592,Suite Studio
15238295,The Casa Favourite Rooms
15238295,The Casa Star Rooms
15238295,The Casa Luxury Rooms
15238295,3 Bedroom Penthouse
15240623,One Bedroom Upgrade to Two Bedroom Pool Villa
15240623,One Bedroom Deluxe Pool Villa
15240623,Two Bedroom Pool Villa
15240623,Two Bedroom Royal Pool Villa
15243664,Deluxe Room
15243664,Family Room
15243664,Deluxe Suite
15243664,Pool Villa
15243664,Two Bedroom Pool Villa
15243664,Baan First Pool Villa
15250168,Garden cottage
15250168,Pool Suite
15250168,Royal Chalet
15254183,Classic Room (Limited View)
15254183,Superior Room
15254183,Deluxe Twin Room
15254183,Deluxe Double Room
15254183,Executive Room
15254183,Triple Room
15254183,Connecting Room
15254183,Family 2 Bedroom
15254183,Suite Room
15257647,DELUXE ROOM
15257647,SHAHPURA SUITE
15257647,ROYAL SUITE
15257647,SUITE
15258787,Deluxe Room
15258787,Deluxe Suite
15258787,Haveli Suite
15258787,Sheesh Mahal Suite
15258862,Deluxe Room King Bed
15258862,Deluxe Room Twin Bed
15258862,Executive Room Pool View King Bed
15258862,Executive Room Taj Mahal View King Bed
15258862,SeleQtions Pawcations Room
15258862,Junior Suite Pool View King Bed
15258862,Junior Suite Taj Mahal View King Bed
15258862,SeleQtions Suite King Bed
15258862,SeleQtions Suite Taj Mahal View King Bed
15261825,Room Triple Room with double bed (59x75 in. [150x190 cm]) and bunk bed (31x75 in. [80x190 cm])
15261825,Room Double Room with double bed (59x75 in. [150x190 cm]) for two people
15261825,Room Twin Room with twin beds (31x75 in. [80x190 cm])
15261825,Room Double room with 1 double bed and sofa bed
15268473,Superior Twin Room
15268473,Deluxe Twin Room
15268473,Standard Room
15271952,Deluxe Room
15271952,Junior Suite Room
15272979,CORAL SUITES
15272979,PENT HOUSE APARTMENTS
15272979,PENT HOUSE SUITES
15272979,EXECUTIVE ROOMS
15272979,STUDIO ROOMS
15282995,Club Room King Bed
15282995,Deluxe Room
15282995,Executive Room
15282995,Orchid Suite
15282995,Premier Room
15282995,May Flower Suite
15282995,Presidential Suite
15296762,Alcove Premier Queen Room
15296762,Alcove Cosy Room
15296762,Loft Gallery Room
15296762,Loft Premier Room
15296762,Loft Terrace Room
15305151,5 BHK Apartment
15305151,Sterling Studio Apartment
15305151,Winsome Room
15305151,Classic Room
15305601,Superior Room - King Bed
15305601,Superior Room - Twin Beds
15305601,Executive Room King Bed with Additional Privileges
15305601,Executive Room King Bed - Aqua Pool View
15305601,Executive Suite King Bed - Separate Living Room - Bathtub
15310054,Standard Room with 1 Double Bed
15310054,Standard Room with 2 Single Beds
15310054,Family Room with 1 double bed and bunk bed
15314117,Standard Room with queen size bed
15314117,Superior Room with queen size bed and Sofa Bed
15314117,Executive Room with queen size bed
15314117,Suite with King bed + convertible sofa
15314117,Accessible room
15317916,Sunrise Beach Villa
15317916,Semi-Water Villa
15317916,Sunset Beach Villa with Pool
15317916,Sunrise Water Villa
15317916,Sunset Water Villa
15317916,Sunrise Water Villa with Infinity Pool
15317916,Sunset Water Villa with Infinity Pool
15317916,Presidential Suite with Infinity Pool
15317916,Two-Bedroom Family Beach Villa
15321050,Honeymoon Suite
15321050,Superior Room
15321050,Premium Valley View
15321050,Premium Valley View Plus
15321050,Premium Plantation View
15321050,Standard Rooms
15321050,"Deluxe room (2 Bedroom, 2 Shared Bathrooms)"
15321050,Trinity Suite
15321158,Executive Suite
15321158,Suite with Private Pool
15321158,Royal Suite
15321922,Executive Single Bedroom
15321922,Signature Double Room
15321922,Super Deluxe Room
15321922,Deluxe Room
15322651,Superior Double without window
15322651,Superior Double with window
15322651,Deluxe Double without window
15322651,Deluxe Twin without window
15322651,Deluxe Triple without window
15322651,Premier Double with window
15322651,Premier Twin with window
15322651,Suite Double with window
15322651,Suite Twin with window
15322651,Suite Triple with window
15322651,Family Deluxe with window
15322868,Room Signature Room with Queen Bed
15322868,Room Signature Room with Twin Beds
15322868,Room Signature Loft Room with Queen Bed and Sofa-bed
15322868,Room Superior Room with King Size Bed
15322868,Room Executive Loft Room with Queen Bed and Sofa-bed
15325846,Deluxe King City View
15325846,Executive Twin Bed Partial Sea View
15325846,Prestige Suite King Bed Partial Sea View
15329040,Triple Room
15329040,Suite Room
15329040,Family Room
15329040,Single Room
15329040,Double/Twin Room
15332531,Deluxe Room
15332531,Family Room
15332531,Suite Room
15333568,Deluxe Premier Room
15333568,Punyan Suite
15334929,Club Room
15334929,Luxury Premium Room
15337440,DOUBLE DELUXE ROOM
15337440,EXECUTIVE ROOM
15337440,PREMIUM ROOM
15337440,IMPERIAL ROOM
15337440,FAMILY SUITE ROOM
15337440,PRESIDENTIAL ROOM
15346114,Superior Room
15346114,Standard Room
15346114,Senior Suite
15346114,Junior Suite
15347935,Standard Room with Queen-size bed and sofa
15347935,Standard room with 2 single beds
15347935,Classic Family Room
15347935,Superior room with Queen-size bed and convertible sofa
15347935,Executive Room With Queen Size Bed & Convertible Sofa
15347935,Executive Room with Castle View
15347935,Suite Queen Bed
15348534,Superior Room Twin Bed
15348534,Superior Room King Bed
15348534,Deluxe Room Twin Bed
15348534,Deluxe Room King Bed
15348534,Pawcations Room Twin Bed
15348534,Pawcations Room King Bed
15348534,SeleQtions 2 Bedroom Suite
15348798,Courtyard Room
15348798,Beach Room
15348798,Premium Beach Room
15348798,Fortress Residence Suites
15351797,Regency Room
15351797,Super Deluxe Room
15351797,Yuvraj Suite
15359078,1 Queen Standard With Free Breakfast
15359078,2 Single Standard With Free Breakfast
15359078,Standard Room With Free Breakfast
15359078,1 Queen Standard Top Floor With Free Breakfast Minibar
15359078,2 Single Standard Top Floor With Free Breakfast Minibar
15359078,1 Queen 1 Single Standard With Free Breakfast
15359078,1 Queen 1 Single Standard Top Floor With Free Breakfast
15363694,Superior Room
15363694,Premier Room
15363694,Deluxe Room
15384688,Signature King-Size Rooms
15384688,Signature Twin-Bedded Rooms
15384688,Signature Suites
15385772,Royal Suite
15385772,Club Room
15385772,Premium Room
15389522,Deluxe Room
15389522,Family Suite
15389522,Premium Room
15389522,Palace Suite
15389522,Superior Room
15389522,Heritage Room
15389522,Heritage Suite
15389522,Royal Queen Suite
15389522,Superior Queen Suite
15389858,CLUB ROOM KING BED
15389858,CLUB ROOM TWIN BED
15389858,EXECUTIVE COTTAGE GARDEN FACING KING BED
15389858,EXECUTIVE COTTAGE GARDEN FACING TWIN BED
15389858,EXECUTIVE COTTAGES LAGOON VIEW KING BED
15389858,EXECUTIVE COTTAGES LAGOON VIEW TWIN BED
15389858,EXECUTIVE SUITES
15389858,DELUXE SUITES
15389858,REGENT VILLA
15389858,ROYAL VILLA
15392002,Deluxe Rooms
15392002,Deluxe Twin Rooms
15392002,Deluxe Family Rooms
15393809,Standard Non AC Room
15393809,Standard AC Room
15393809,Executive Non AC Room
15393809,Executive AC Room
15393809,Deluxe AC Room
15395105,Heritage Deluxe Rooms
15395105,Heritage Premium Rooms
15395105,Deluxe Suites
15395105,Haveli Suites
15395105,Heritage Villa
15398471,Classic Room
15398471,Valley View Classic Room
15398471,Premier Room with Balcony
15398471,Privilege Suite with Balcony
15398471,Valley View Privilege Suite with Balcony
15398471,Cycle Themed Valley View Suites
15398471,2-Bedroom Family Suite with Sit Out
15398471,2 Bed Room Thematic Suite with Valley View and Sit out
15398471,Guest Room
15398471,Studio Compact
15398471,1 Bedroom Regular
15398471,2 Bedroom Twin
15400963,Deluxe Room
15400963,Premium Room
15402014,Standard Rooms (Garden Facing)
15402014,Deluxe Rooms (Partial Sea Facing)
15402014,Premiere Room (Beach Front)
15402014,Luxury Room (Beach Front)
15402014,Suite Room (Beach Front)
15402014,Superior Ocean View Room
15402014,Superior Forest View Room
15402311,The Casa Favourite Rooms
15402311,The Casa Luxury Rooms
15403049,Superior Room Double Bed
15403049,Superior Room Queen Bed
15403049,Deluxe Room Double Bed
15403049,Deluxe Room Garden View Double Bed
15403049,Pawcations Room
15403049,Premium Room Garden View King Bed
15403049,Premium Room Twin Bed
15403049,Junior Suite One Bedroom
15403049,SeleQtions Suite Two Bedroom
15403968,Superior Room Queen Bed
15403968,Superior Room Twin Bed
15403968,Premium Room Queen Bed
15403968,Pawcations Room
15403968,Executive Suite
15403968,SeleQtions Suite
15403968,Presidential Suite
15405292,STANDARD ROOM - SINGLE / DOUBLE
15405292,STANDARD ROOM - TWIN
15407179,Sunrise Room
15407179,Standard Room
15407179,Deluxe Room
15407179,Superior Balcony Room
15407179,Premium Balcony Room
15407179,Junior Suite
15407179,Grand Balcony Room
15407179,Artist Suite
15411013,Superior Room with 3 Single Beds
15411013,Superior Room with 2 Double Beds
15411013,Superior Room with 1 King Bed
15411013,Superior Accessible Room with 1 King bed
15411013,Executive Twin Room with 2 double beds
15411013,Executive Room with 1 King Bed
15411013,Suite with 1 King Bed
15425217,Superior Balcony
15425217,Superior Ocean Front Balcony
15425217,Deluxe Ocean Front Balcony
15425217,Corner Suite Ocean Front Balcony
15425217,One Bedroom Deluxe Suite Ocean Front Balcony
15425217,One Bedroom Suite Ocean Coral Lounge
15425217,One Bedroom Suite Ocean View Coral Lounge
15425217,Club One Bedroom Suite Ocean View Balcony
15425217,Two Bedroom Suite Ocean Coral Lounge
15425217,Club Two Bedroom Suite Ocean View
15425217,Club Two Bedroom Suite Ocean View Balcony
15445534,Executive Room
15445534,Smart Room
15445534,Deluxe Room
15445534,Presidential Suite
15445534,Club Room
15448340,Lake Facing Room
15448340,Sea Facing Room
15448340,Luxury Pool Villa
15448340,Presidential Pool Villa
15457835,Executive Double or Twin Room
15457835,Deluxe Double Room
15459605,Superior Twin Room - No Balcony
15459605,Deluxe Twin Room
15459605,Deluxe Double Room
15459605,Junior Suite Room
15459605,Suite Room
15470156,Standard Double Room
15470156,Double Room
15470156,Superior Double Room
15470156,Superior Triple Room
15473079,Apartment
15473079,Executive Studio Suite
15473079,Deluxe King Room
15473079,Deluxe 2 Double Room
15473079,Superior Queen Room
15473079,Superior 2 Double Room
15473079,Superior 2 Queen Room
15473079,Standard Queen Room
15473079,Standard 2 Double Room
15473079,Standard 2 Queen Room
15475938,Cozy Room
15475938,Valley Cottage
15475938,Hill Cottage
15475938,Double Bed Room
15475938,Private Pool Villa
15480334,Premium Room
15480334,Executive Room
15480334,Club Room & Suites
15480567,Classic Room
15480567,Premier Room
15480567,Valley View Premier Room
15480567,Garden View Privilege Suite
15480567,Valley View Privilege Suite with balcony
15480567,2 Bed Room Family Suite with Valley View and Balcony
15480567,Guest Room
15480567,Studio Compact
15480567,1 Bedroom Regular
15480567,2 Bedroom Twin
15488409,Deluxe Room
15488409,Standard Room
15488409,Suite Room
15491756,Coco Wood Cottage
15491756,Heritage Room
15491756,Luxury Garden View Room
15491756,Deluxe Room
15491756,Superior Room
15491756,Super Deluxe Pool View Room
15491756,Premium River View Room
15491756,Platinum Room
15491756,Executive Suite
15491756,Presidential Suite
15495679,Superior Room (No Window)
15495679,Grand Superior (Ruby Annex)
15495679,Deluxe Room
15495679,Grand Deluxe
15495679,Grand Deluxe Pool
15495679,One Bedroom Suite
15495679,Family Connect
15495679,Grand Family Connect
15495679,Deluxe Club Sky
15495679,Grand Deluxe Club Sky
15495679,One Bedroom Club Sky
15495679,Jacuzzi Suite with Balcony Club Sky
15495679,Grand Jacuzzi Suite with Balcony Club Sky
15502931,Executive Premium Sea View Double Balcony
15502931,Premium Pool View With Balcony
15502931,Premium pool view Room with Twin Beds
15502931,Premium Garden View With Balcony
15502931,Deluxe Room With Balcony
15502931,Deluxe Room with Twin Beds
15502931,Standard Room
15522192,Superior Luxury Suite
15522192,Neelakurinji Suite
15522192,Accessible Suite
15534397,Luxury Studio
15534397,Deluxe Studio
15534397,Deluxe Room
15534397,Casa Suites
15534397,Queen Studio
15534397,Twin Studio
15534397,Grande Studio
15534397,Brick-Loft Suites
15534397,Penthouse With Terrace Studio
15534397,1 BHK Apartment Suite
15534397,2BHK Apartment Suite
15536673,Standard Room with 1 Double Bed
15536673,Standard Room with 1 double bed and 1 single bed
15536673,Standard Room with 3 single beds
15536673,Classic Family Room
15536673,Accessible Room with 2 Single beds
15550208,Bed in 6 Bed Mixed AC Dormitory Room with Ensuite Bathroom
15550208,Deluxe Private AC Room with Balcony and Ensuite Bathroom
15550208,Bed in 8 Bed Mixed AC Dormitory Room with Ensuite Bathroom
15550208,Bed in 6 Bed Mixed AC Dormitory Room with Balcony and Ensuite Bathroom
15550208,Bed in 6 Bed Female Only AC Dormitory Room with Balcony and Ensuite Bathroom
15553386,Room Triple Room with double bed (59x79 in. [150x200 cm]) and bunk bed (31x79 in. [80x200 cm])
15553386,Room Double Room with double bed (59x79 in. [150x200 cm])
15553386,Room Triple room with double bed and bunk bed
15553386,Room TWIN rooms with two single size beds
15553386,Room Family room with a double bed (150 x 200 cm) and twin beds (80 x 200cm)
15581776,Junior Suite
15581776,Deluxe King Room
15581776,Standard Twin Room
15581776,Classic Triple Room
15581776,Standard Quadruple Room
15581776,Standard Family Room
15583998,Deluxe Double or Twin Room with Garden View
15583998,Double Room with Balcony and Sea View
15583998,King Room with Sea View
15583998,Double Room with Garden View
15583998,Deluxe Double Room with Sea View
15585072,Deluxe Rooms
15585072,Super Deluxe Room
15586963,Deluxe Single Room
15586963,Deluxe Double Room
15586963,Deluxe Triple Room
15586963,Family Quadruple Room
15586963,Deluxe Family Room
15586963,Superior Family Room
15586963,Premier Family Room
15587528,Suite
15587528,Villa
15587528,One Bedroom Villa
15587528,Cottage with Jungle View
15591882,Twin Room
15591882,Double Room
15591882,Family Room
15591882,Interconnecting Family Room
15591882,Accessible Room
15591882,Dog-Friendly Room
15592086,Executive Room
15592086,Luxury Room
15600390,One Bedroom Private Pool Villa
15600390,Two Bedroom Private Pool Villa
15600390,Three Bedroom Private Pool Villa
15601197,Standard Twin Room
15601197,Premium King Room
15601197,Premium Suite
15602017,Lux Garden View Jaccuzzi With Balcony
15602017,Heritage Garden View in Room Jacuzzi (Couple Only)
15602017,Heritage Garden View Jacuzzi Twin Suite
15602017,Tranquil Lake Side Jacuzzi
15602017,Wooden Cottage (Couple Only)
15602017,Exotica Lake View Jacuzzi With Balcony
15602017,Panoramic Lake View Jacuzzi
15602017,Grandeur Lake View Jacuzzi
15602017,Wooden Lake View Cottage With Jacuzzi
15602017,Opulence Lake View Jaccuzzi Suite With Balcony
15602017,Duplex Lake View Jacuzzi Suite With Balcony
15602017,Lux Cottage Beach View Jaccuzzi with Balcony
15602017,Insignia Private Pool Suite (Temperature Controlled)
15602017,Infinity 360 Sea View Private Jacuzzi Pool
15608222,Deluxe Partial Sea View Twin/Double
15608222,Deluxe Partial Sea View Triple
15608222,Premium Partial Sea View
15608222,Suite Ocean View Twin/Double
15608222,Executive Suite Ocean View
15608222,Penthouse Ocean View
15608608,Standard Room
15608608,Superior Room
15608608,Deluxe Room with Garden View
15608608,Deluxe Room with Mountain View
15612711,George Breitner Suite
15612711,Isaac Israels Suite
15614517,Standard Room
15614517,Deluxe Room
15614517,Suite Room
15616089,Sheraton Club Room
15616089,Executive Suite
15616089,Studio
15616089,One-bedroom apartment
15616089,Two-bedroom apartment
15620457,Luxury Cottage
15620457,Jungle Wooden Cottage
15620457,Executive Suites
15620457,Grand Suites
15620457,Presidential Villa
15620457,Ananta Villa
15620457,Chairman Villa
15620457,Premium Wooden Cottage with Bathtub
15620568,Deluxe Rooms
15620568,Premium Rooms
15621946,Standard Room
15621946,Standard Twin Room
15621946,Family Duplex Room
15621946,Modern Standard Room
15621946,Modern Twin Room
15621946,Modern Triple Room
15621946,Antique Deluxe Room
15621946,Antique Single Room
15621946,Connection Room
15621946,Deluxe Room
15621946,Junior Suite Room
15621946,Lux Room
15627715,Peaberry Suite
15627715,Courtyard Room
15627715,Panorama Room
15631172,Garden View Suite
15631172,Deluxe Terrace Suite
15631172,Valley View Suite
15631172,The Lalit Legacy Suite
15635462,Standard Double Room
15635462,Standard Twin Room
15635462,Deluxe Double Room
15635462,Deluxe Twin Room
15635462,Family Room
15642645,Budget 10-person room
15642645,Double Studio
15642645,Twin Studio
15642645,Budget Twin Studio
15642645,Party Room
15642645,Cinema Room
15642645,Budget Family Studio
15642645,The Game Bunker
15642645,Formula 1 Suite
15642645,Budget 4-Pack
15642645,Budget 10-Pack
15642645,4-Person Studio with Private External Bathroom
15642645,Budget 8-Pack
15642645,Budget 8-Person Studio
15642645,Budget 4-Person Studio with External Private Bathroom
15645721,Deluxe Rooms
15645721,Executive Rooms
15645721,Twin Rooms
15651764,Superior Twin Room
15651764,Deluxe King Room
15651764,Executive Room
15651764,Deluxe Premier Room
15651764,Luxury Suite
15662345,Premium Double or Twin Room
15662345,Superior Suite
15662345,Club Double Room
15663679,Romantic Suite
15663679,Comfort of the Sun
15663679,Camera of the East
15663679,Panorama farmer Suite
15663679,Junior Suite
15663679,Suite Duplex
15663679,Suite Sole
15669025,Standard Queen
15669025,Superior Queen
15669025,Superior Queen (City View)
15669025,Superior Queen (Balcony)
15669025,Superior Twin
15669025,Superior Twin (City View)
15669025,Premier Queen (Balcony)
15669025,Triple
15669025,Family (Balcony)
15677691,Deluxe Beach King
15677691,Deluxe Street King
15677691,Standard Beach King
15677691,Standard Street Single
15677691,Vibrant Suite
15677691,Deluxe Beach Twin
15677691,Deluxe Street Twin
15677691,Standard Beach Twin
15693175,DELUXE ROOM
15693175,DELUXE MOUNTAIN VIEW
15693175,ONE BEDROOM SUITE
15693175,ONE BEDROOM SUITE WITH BATHTUB
15693175,PET FRIENDLY - ONE BEDROOM SUITE
15693175,STUDIO SUITE TRIPLE
15693175,FAMILY CORNER SUITE TRIPLE
15693175,2 BEDROOM FAMILY SUITE MOUNTAIN VIEW
15694075,Ocean Premier Double Room
15694075,Ocean Premier Twin Room
15694075,Superior Double Room
15694075,Junior Double Room
15694075,Superior Twin Room
15694075,Ocean Suite 02 bedrooms
15694075,Family Ocean Suite
15704387,Grand Room
15704387,Club Room
15704387,Elite Room
15718115,Superior Room with 1 king size bed
15718115,Superior Room with 2 single beds
15718115,Premier Room with 1 king-size bed
15718115,Premier Room with 2 single beds
15718115,Deluxe Suite with 1 double bed and sofa
15719494,Tropical Beach Cottage
15719494,Deluxe Beach Cottage
15719494,Tropical Beach Suite
15719494,Sunset Beach Cottage
15719494,Sunset Beach Suite
15719494,Signature Beach Suite
15719916,Deluxe Limestone Cliff View
15719916,Deluxe Pool View
15719916,Deluxe Sea View
15719916,Deluxe Corner Sea View
15719916,Deluxe Pool Access
15721163,Standard Room
15721163,Pavilion Room
15721163,Club Room
15729519,Superior King Bed
15729519,Superior Twin Beds
15729519,Deluxe King Bed
15741188,Executive Rooms
15741188,Deluxe Rooms
15741188,Suite Rooms
15745703,Business Room
15745703,Executive Suite
15745703,Studio Room
15745703,Superior Room
15760266,Partial Ocean View Pool Pavilion Two Bedroom
15760266,Lagoon Pool Pavilion
15760266,Beachfront Pool Villa
15760266,The Ocean House
15762555,The Premia 2 Bedroom Villa
15762555,The Imperia 2 Bedroom Villa
15762555,The Presidential Suite 2 Bedroom Villa
15764854,Executive Suite
15764854,Deluxe Rooms
15764854,Standard Rooms
15779180,Sea View rooms
15779180,Garden View rooms
15779180,Garden Verandah ROOMS
15779180,Raja Cottage
15780569,Standard Room
15780569,Deluxe Room
15780569,Club Room
15780569,Suite Room
15783540,Standard Room
15783540,Superior Room
15783540,Suite Room
15783540,Presidential Suites
16017331,Deluxe Room
16017331,Deluxe room with Balcony
16017331,Pawcation Room
16017331,Premium Room Twin
16017331,SeleQtions Suite
16019226,Room Superior Room with Queen Bed and Bay Window
16019226,Room Superior Twin Bed Room with Bay Window
16019226,Room Superior Queen Bed Room
16019226,Room Superior Twin Bed Room
16019226,Suite Signature Junior Suite
16019226,Suite Grand Executive Suite
16033794,Superior Room
16033794,Deluxe Room
16033794,Family Room
16033794,Junior Suite
16033794,Executive Suite City View
16033794,Sel de Mer Ocean Suite
16037480,Executive Pool Access Rooms
16037480,Premium Rooms
16037480,Deluxe Rooms
16037915,PREMIER OCEAN SUITE
16037915,GRAND DELUXE OCEAN VIEW
16037915,OCEAN VIEW SUITE
16037915,ONE BEDROOM POOL VILLA WITH OCEAN VIEW
16037915,TWO BEDROOM POOL VILLA WITH OCEAN VIEW
16046338,Deluxe Room
16046338,Super Deluxe Room
16046338,Premium Room
16046338,Family Room
16046338,Honeymoon Suite
16050514,Superior Twin Room with Ocean View
16050514,Superior King Room with Ocean View
16050514,Superior King Room with City View
16050514,Superior Twin Room with City View
16050514,Premium Ocean View Room
16050514,Premium City View Room
16050514,Premium Ocean View Triple Room
16054297,"Superior Room, 1 King / Queen Bed"
16054297,"Superior Room, 2 Single Beds"
16054297,"Luxury Taksim Square View, King Bed Room"
16054297,Luxury Twin Room Bosphorus View
16054297,"Luxury Room, 1 King Bed, Bosphorus View"
16054297,"Junior Suite, Club Millesime access, King size bed"
16054297,"Prestige Suite, One Bedroom, City view, Club Millesime access, King size bed"
16054297,"Signature Suite, Taksim Square view, Club Millesime access, King size bed"
16054297,"Prestige Suite, One Bedroom, Bosphorus view, Club Millesime access, King size bed"
16054297,"Signature Suite, One Bedroom, Bosphorus view with Terrace,Club Millesime access, King size bed"
16054297,"Imperial Suite, Two Bedroom, Bosphorus View, Club Millesime access, King size bed"
16054297,"Signature Suite, Duplex Suite, One Bedroom, Bosphorus view,Club Millesime access,King size bed"
16054297,"Family Duplex Suite, Two Bedroom, City View, Club Millesime access, King size bed"
16064134,The Classic Room
16064134,The Premium Room
16065636,DELUXE ROOM
16065636,SHAHPURA SUITE
16065636,ROYAL SUITE
16065636,SUITE
16113361,Deluxe Room
16113361,Super Deluxe Room
16113361,Family Room
16143192,Classic Double Room
16143192,Deluxe Twin City View
16143192,Deluxe Triple City View
16143192,Premium Sea Side Double/Twin
16143192,Ocean studio Double/Twin
16143192,Ocean Studio Triple
16143192,Ocean Suite
16149440,Oriental Pearl Twin Room
16149440,Oriental Emerald Room
16149440,Sapphire Old Quarter View Room
16149440,Diamond Church View Room
16149440,Ruby City View Room
16149440,Gem Suite Lake View
16149440,Oriental Jade Suite With Terrace (City View)
16149440,Pearl Connecting Room
16149440,Emerald Connecting Room
16151757,Deluxe Room
16151757,Superior Room
16162570,Wilderness Grove View Suite
16162570,Wilderness Hill View Suite
16162570,Grand Grove View Suite
16162570,Grand Hill View Suite
16196539,Luxury Garden View Room
16196539,Deluxe Pool View Room
16196539,Premium Sea Front Room
16220374,Mountain View Premier Suite
16220374,Deluxe Room
16220374,Scenic View Family Suite
16281678,Superior Room
16281678,Deluxe Room
16281678,Junior Suite
16295260,Privilege Suite With Balcony
16295260,Mountain View Privilege Suite With Balcony
16295260,2 Bed Room Family Suite With Balcony
16295260,Guest Room
16295260,1 Bedroom Regular
16301292,Deluxe Rooms
16301292,"Deluxe Room Gold, Pool View"
16301292,Studio Suite King
16301292,Rock Family Suite
16301292,Rock Suite King
16301292,Rock Suite Platinum
16303472,Superior Garden View
16303472,Deluxe Garden View
16303472,Bungalows Garden View
16303472,Premium Deluxe Garden View
16303472,Premium Suite Garden View
16303472,Premium Suite Ocean View
16303472,Family Bungalow Garden View
16303472,Family Bungalow Ocean View
16329264,Deluxe Room
16329264,Deluxe Room Pool View
16329264,Deluxe Room Garden View
16329264,Deluxe Room Garden With Balcony View
16329264,Deluxe Room Pool With Balcony VIew
16329264,Executive Room
16329264,Executive Room Pool View
16329264,Executive Room Garden View
16329264,Executive Room Pool With Balcony View
16329264,Executive Room Garden With Balcony View
16329264,Executive suite Room
16329264,Executive suite Room Pool View
16329264,Executive suite Room Garden View
16329264,Deluxe suite Room
16329264,Deluxe suite Room Pool View
16329264,Deluxe suite Room Garden View
16329264,Grandeur Room
16329264,Standard Room
16332405,Studio Rooms
16332405,Deluxe Rooms
16338782,Classic Room
16338782,Deluxe Room
16338782,Super Deluxe Room
16338782,Executive Suite
16340344,Junior Double Suite Sea View with Private Balcony
16340344,Junior Twin Suite Sea View with Private Balcony
16340344,Triple Suite Sea View with Private Balcony
16340344,Family Connecting Suite Sea View with Private Balcony
16340344,Executive Suite Sea View with Private Balcony
16340344,Honeymoon Suite Sea View with Terrace
16376041,Garden Suite
16376041,Palace Suite
16376041,Aravali Suite
16376041,Devigarh Complex (Set of 2 Suites)
16378715,Semi Deluxe Room
16378715,Bamboo Cottage
16378715,Cottage Suite
16378715,Deluxe Room
16442255,Executive Suite
16442255,Junior Suite
16442255,Premier Room
16442255,Deluxe Room
16442255,Superior Room
16442255,Universally Accessible Room
16449985,Deluxe Twin Room
16449985,Deluxe Double Room
16449985,Club Room
16449985,Suite Room
16449985,Family Room
16451483,Superior Room
16451483,Superior Plus Room
16451483,Premium Room
16798689,Deluxe Double Bed Room
16798689,Deluxe Triple Bed Room
16798689,Four Bed Family Room
17297849,COTTAGE LAWN VIEW ROOM
17297849,PREMIUM VIEW ROOM
17297849,PREMIUM VIEW ROOM WITH BALCONY
17297849,PREMIUM VIEW ROOM WITH LAWN
17297849,FAMILY VIEW ROOMS WITH BALCONY
17297849,ATTIC ROOM WITH BALCONY
17349562,EXECUTIVE ROOM
17349562,ROYAL SUITE ROOM (DOUBLE BED)
17349562,Royal Club Room
17349562,Royal Club Class Room
17349562,ROYAL STUDIO ROOM (TRIPLE BED)
17400465,Deluxe Room
17400465,Premium Room
17400465,Family Duplex Room
17400465,Junior Suite Room
17400465,Terrace Suite Room
17400465,Royal Suite Room
18923230,Deluxe Room
18923230,Deluxe Twin Room
18923230,Premium Room
18923230,Urban Compact Room
18923230,Elite Room
18923230,Junior Suite
18923230,Loft Suite
18923230,Signature Suite
27527785,Bi-Level Suite
27527785,Luxury Suite
27527785,1-Bedroom Junior Suite
30548865,One Bedroom Suite
30548865,One Bedroom Suite Seaview
30548865,One Bedroom Suite Pool Access
30548865,One Bedroom Suite Pool Access Seaview
30548865,Premier Suite Seaview
30548865,Premier Suite Jacuzzi Seaview
30548865,Premier Suite Pool Access
30548865,Cottage Suite Seaview
30549302,Deluxe Room
30549302,Deluxe Pool Villa
30549302,One Bedroom Pool Villa
31306896,Superior Room with 1 King-size Bed
31306896,Superior Room with 2 Single beds
31306896,"Superior Room with 1 double bed, Ocean view"
31306896,"Superior Room with 2 single beds, Ocean view"
31306896,"Superior Room with 1 double bed, Pool side"
31306896,Superior Room with 2 single beds Pool side
31306896,Deluxe Room with 1 double bed and 1 single bed
31306896,Privilege Room Pool Access with 1 King-size Bed
31306896,Privilege Room Pool Access with 2 Single Beds
31306896,Deluxe Suite with 1 kingsize bed
31306896,Signature Suite Room with 1 King-size Bed
31434433,Deluxe Rooms
31434433,Premium Rooms
31446705,LEGO Friends Themed Room
31446705,LEGO Friends Fully Themed Room
31446705,LEGO Friends Fully Themed Family Suite
31446705,LEGO NINJAGO Themed Room
31446705,LEGO NINJAGO Fully Themed Room
31446705,LEGO NINJAGO Fully Themed Family Suite
31446705,Pirate Themed Room
31446705,Pirate Fully Themed Room
31446705,Pirate Fully Themed Family Suite
31446705,Kingdom Themed Room
31446705,Kingdom Fully Themed Room
31446705,Kingdom Fully Themed Family Suite
31446705,Adventure Themed Room
31446705,Adventure Fully Themed Room
31446705,Adventure Fully Themed Family Suite
31446705,LEGO Friends Fully Themed Accessible Room
31446705,Kingdom Fully Themed Accessible Room
31446705,Pirate Fully Themed Accessible Room
31446705,Adventure Fully Themed Accessible Room
31446705,LEGO NINJAGO Fully Themed Accessible Room
31571455,Deluxe Room
31571455,Siam Room
31571455,Kasara Executive Room
31571455,Siam Suite
31571455,Kasara Executive Suite
31571455,Anantara Suite
31571455,Royal Suite
31571455,Garden Pool Suite
31571455,Two Bedroom Kasara Executive Suite
31571455,Two Bedroom Royal Suite
31571455,Two Bedroom Jim Thompson Explorer Suite
31571455,Garden Pool Villa
31571455,Anantara Garden Pool Villa
31571455,Two Bedroom Garden Pool Villa
31571455,Anantara Presidential Suite
31571455,Three Bedroom Presidential Suite
31571455,The Penthouse
31571455,Anantara Pool Residence
31571481,Deluxe Garden Room
31571481,Deluxe Garden Triple Room
31571481,Deluxe Garden Quadruple Room
31571481,Deluxe Premier Lumbung Room
31571481,Deluxe Premier Lumbung Triple Room
31571481,Family Suite Room
31571481,Family Suite Duplex
31571481,Premier Beachfront Suite Room
31571481,VIP Villa with Private Pool
31571649,Sea View Room
31571649,City view Room
31571649,Classic Sea View Room
31571649,Balcony Sea View room
31571649,Family room
31571649,Garden view room
31571649,Junior suite sea view
31571649,Junior suite balcony sea view
31571649,Royal suite
31571649,Presidential suite
31571649,King emperor suite
31571649,Empress suite
32113591,Superior Room
32113591,Deluxe Pool View
32113591,Super Deluxe Garden View
32113591,Super Deluxe Pool View
32113591,Suite Room
32142041,Deluxe Suite
32142041,Premium Suite City View
32142041,Premium Suite Sea View
32142041,Grand Suite City View
32142041,Grand Suite Sea View
32142041,One Bedroom Apartment City View
32142041,One Bedroom Apartment Sea View
32142041,Two Bedroom Apartment City View
32142041,Two Bedroom Apartment Sea View
32200499,A-Frame Beach Chalets
32200499,A-Frame Garden Chalets
32288782,Superior Rooms
32288782,"Premier Room, Pool View"
32288782,Grande Room with open Patio
32313492,Deluxe Room
32313492,King Room
32313492,Superior King Room
32329104,Luxury Rooms
32329104,Courtyard Rooms
32329104,Lake Rooms
32329104,Trillion Rooms
32329104,Trillion Studio
32329104,The Residence Rooms
32329104,Trillion Suite
32329104,Panoramic Suites
32329104,Enmeshed Suite
32329104,La Sultana Suite
32329104,Presidential Suite
32329151,Beletage Suite
32329151,Junior Suite
32416784,Standard Room
32416784,Premier Room
32416784,Signature Room
32474437,Classic Room
32474437,Deluxe Rooms
32474437,Superior Room
32474437,kanota suites
32474437,garden suites
32486016,Luxury Suite
32486016,Deluxe Suite
32486016,Premier Valley View Room
32486016,Deluxe Room
32502802,Luxury Rooms
32502802,Luxury Premium Rooms
32502802,Club Rooms
32502802,The Residence Rooms
32502802,Deluxe Suites
32502802,Presidential Suites
32502802,Jantar Mantar Suite
32503049,Executive Suites
32503049,Presidential Suite
32503049,Superior Garden View Rooms
32503049,Superior Pool View Rooms
32503049,Deluxe Garden View Rooms
32503049,Deluxe Pool View Rooms
32527292,Standard Double/Twin
32527292,Deluxe Double/Twin
32527292,Junior suite
32527292,Loft suite
32535425,Superior Twin Room
32535425,Superior Double Room
32535425,Superior Queen Room
32535425,Superior Triple Room
32535425,Executive Queen Room
32535425,Executive Queen Sofabed Room
32535425,Executive Wheelchair Accessible Room
32555019,Studio Suite
32555019,One Bedroom Suite
32555019,Flamingo Suites
32555019,Two Bedroom Suite
32555019,Three Bedroom Family Suites
32585772,Single room
32585772,Standard Twin Room
32585772,Standard Double Room
32585772,Junior Suite
32585772,Deluxe Design Junior Suite
32585772,Junior Suites with Kitchen
32585772,Deluxe Design Suite
32585772,Triple room
32585772,Quadruple room
32585772,Family rooms
32615562,Standard Double Room
32615562,Standard Twin Room
32615562,Deluxe King Room
32615562,Deluxe Twin Room
32615562,Executive King Room
32615562,Executive Twin Room
32615562,Family Room
32615562,Studio Apartment
32615562,Superior Apartment
32615562,Accessible Double Room
32615562,Accessible Twin Room
32621957,Deluxe double or twin
32621957,Executive double or twin with city view
32621957,Junior suite with balcony
32621957,Deluxe connecting room with balcony
32621957,Family suite with balcony
32705044,"Luxury Room, 1 King Size Bed"
32705044,"Luxury Room, 2 Single Beds"
32705044,"Luxury Garden View Room, 1 King Size Bed"
32705044,"Luxury Garden View Room, 2 Single Beds"
32705044,"Signature Room, 1 King Size Bed"
32705044,"Luxury Family Room, 1 King Size Bed & 2 Single Beds"
32705044,"Signature Room, 2 Single Size Beds"
32705044,"Signature Room with Garden View, 1 King Size Bed"
32705044,"Signature Room with Garden View, 2 Single Size Beds"
32705044,"Signature Family Suite Room, 1 King Size Bed and 2 Single Size Beds"
32705044,"Junior Suite (Open-concept Suite), 1 King Size Bed"
32705044,"Prestige Suite (Separate Bedroom & Living Area), 1 King Size Bed"
32705044,"Prestige Family Suite (Separate Bedroom & Living Area), 1 King Size Bed"
32705044,"Imperial Suite, 1 King Size Bed, with Living Area & Dining Area"
32705044,"Villa du Jardin, 1 King Size Bed & 2 Single Beds, Private Pool"
32790927,Deluxe King Rooms with Balcony
32790927,Deluxe Twin Rooms with Balcony
32790927,Pool View Rooms
32923237,Superior King Room
32923237,Hollywood Twin Room
32923237,Deluxe Suite
32923237,Deluxe Suite Triple
32923237,Studio Two Bedroom Suite
33000901,Deluxe Room
33000901,Family Room
33000901,Grand Deluxe Room
33000901,Premiere Deluxe Cottage
33000901,Garden Villa
33000901,Pool Villa
33000901,Suite Pool Villa
33000901,Family Villa
33027938,Superior Room
33027938,Standard Room with Bathtub
33027938,Mud Cottage
33027938,One Bedroom Executive Suite
33027938,Lake View Villa (With Bathtub and Private Open Shower)
33027938,Zaminder Suite (With Jacuzzi and bathtub)
33027938,Green Villa
33027938,Three Bedroom Aqua Villa (Private Terrace Swimming Pool)
37351846,Deluxe Double Room
37351846,Deluxe Twin Room
37351846,Deluxe Mobility Accessible Room
37633824,Studio Deluxe Room
37633824,Premier Room
37633824,Superior Room
37633824,1 Bedroom Premier
37633824,2 Bedroom Premier
37633824,3 Bedroom Apartment
37633824,3 Bedroom Premier
37670129,Standard Rooms
37670129,Deluxe Rooms
37670129,Executive Rooms
37677306,Superior | East Wing
37677306,Luxe Room
37677306,Luxe Room w/Balcony
37677306,Junior Suite w/ Balcony
37677306,Master Suite with Balcony
37677306,1 Bed | Come Play Suite w/ Balcony
37677306,2 Bed | Royal Suite
37677306,2 BED | Luxe Connecting Rooms w/Balcony
37677306,3 BED | Luxe Connecting Rooms w/Balcony
37677306,4 BED | Luxe Connecting Rooms w/Balcony
37677705,Two Bedroom Oceanfront Residence
37677705,Four Villa Anantara Lawana Residence
37677705,Five Villa Anantara Lawana Residence
37677705,Deluxe Lawana Room
37677705,Garden View Suite
37677705,Anantara Pool Suite
37677705,Anantara Pool Access Villa
37677705,Anantara Pool Villa
37677705,Anantara Sea View Pool Villa
37702046,Deluxe City View with Bath Tub
37702046,Premier City View Balcony
37702046,Premier Pool View Balcony
37702046,Business Curve Room
37702046,Family Connected Suite Room
37702046,Deluxe Room No Balcony
37703461,Deluxe Lagoon View
37703461,Premier Backwater View
37703461,Luxury Lagoon View
37703461,Premier Luxury Backwater View
37703461,Spa Lagoon View
37703461,Spa Premier Backwater View
37703461,The Lalit Legacy Suite
37735040,Deluxe Room
37735040,Executive Room
37735040,Premium Room
37735040,Junior Suite Room
37735040,Imperial Suite Room
37735040,Family Suite Room
37735040,Suite Balcony Room
37735040,Connecting Room
38043209,Superior Room
38043209,Deluxe Room
38119777,Deluxe Garden View Room
38119777,Luxury Suite Mountain View Room
38331093,Golden Deluxe King Room
38331093,Golden Deluxe Twin Room
38331093,Golden Suite
38363917,Business Room
38363917,Premium Room
38363917,CITADEL Room
38363917,Skyline View Suite
38387180,"CLASSIC ROOM, 1 queen-size bed"
38387180,"SUPERIOR ROOM, twin beds"
38387180,"DELUXE ROOM, 1 king-size bed"
38387180,"CLASSIC ROOM, twin beds"
38387180,"SUPERIOR ROOM, 1 king-size bed"
38387180,"JUNIOR SUITE, 1 king-size bed"
38387180,"DELUXE SUITE, 1 king-size bed, living room"
38407275,Superior King Room
38407275,Superior Twin Room
38407275,Superior Queen Room
38407275,Superior Balcony King or Twin Room
38407275,Superior Suite
38407275,Deluxe Suite
38407275,Deluxe Family King Room
38407275,Deluxe Family Twin Room
38415955,Premium Deluxe Room
38415955,Adjacent Deluxe Rooms
38415955,Executive Room
38415955,Junior Suite
38415955,King David Suite
38415955,Executive Suite
38415955,Tower Duplex Suite
38427870,Room Standard 1 double bed
38427870,Room Standard twin beds
38427870,Room Family Room 1 Double And 1 Bunk Bed
38428924,DELUXE ROOM
38428924,DELUXE PLUS ROOM
38428924,DELUXE FAMILY ROOM
38428924,PREMIER DELUXE ROOM
38428924,FAMILY SUITE WITH BUNK BED
38428924,HONEYMOON POOL SUITE ROOM
38429189,Superior Room
38429189,Superior Pool View Room
38429189,Superior Sea View Room
38429189,Deluxe Room
38429189,Pool Access Room
38429189,Junior Suite
38429189,Executive Suite
38429189,Srivichai Suite
38434091,STANDARD ROOM CITY VIEW
38434091,DELUXE ROOM ACROPOLIS VIEW
38434091,SUPERIOR ROOM CITY VIEW
38434091,FAMILY ROOM 2 CONNECTING ROOMS
38449652,Superior King Room
38449652,Superior Twin Room
38449652,Deluxe King Room
38449652,Deluxe Twin Room
38449652,Premium Sea View Room King Bed
38449652,Premium Sea View Room Twin Bed
38449652,Executive Suite
38449652,SeleQtions Suite
38449652,Pawcations Room
38467734,Superior Mountain View Room
38467734,Superior Sea View Room
38467734,Deluxe Pool Access Room
38467734,Deluxe Sea View Room
38467734,Family King or Twin Room
38467734,Executive Suite Sea View Room
38476655,Room Standard 1 Double Bed
38476655,Room Standard Twin Beds
38476655,Room Standard 1 Double Bed River view
38476655,Room Standard 2 Single Beds River view
38476655,Room Family Room with 1 Double and 1 Bunk Bed
38476674,Superior Room
38476674,Superior Sky Room
38476674,Superior Sky Triple
38476674,Superior Sky Mahanakhon
38476674,Executive Superior Sky with Lounge access
38476674,Executive Superior Sky Mahanakhon with Lounge access
38476674,Executive Deluxe with Lounge access
38476674,Grand Executive Deluxe with Lounge access
38476674,Premium Executive Deluxe with Lounge access
38476674,Executive Suite with Lounge Access
38485990,"SUPERIOR ROOM, 1 King Size Bed, City View"
38485990,"SUPERIOR ROOM, 2 Single Size Beds, City View"
38485990,"DELUXE ROOM, 1 King Size Bed, City View"
38485990,"DELUXE ROOM, 2 Single Size Beds,City View"
38485990,"DELUXE EXECUTIVE ROOM, Lounge Access, 1 King Size Bed, City View"
38485990,"DELUXE EXECUTIVE ROOM, Lounge Access, Twin Beds"
38485990,"Premium superior room, twin sized bed, city view"
38485990,"Premium superior room, king sized bed, city view"
38485990,"Premium deluxe room, twin sized bed, city view"
38485990,"Premium deluxe room, king sized bed, city view"
38485990,"Executive suite, lounge access, king sized bed, living room"
38485990,Presidential Suite
38485990,"EXECUTIVE SUITE, Lounge Access, 1 King Size Bed, Living Room"
38506898,Comfort Room 1 Single Bed
38506898,Small Room 1 Double Bed
38506898,Comfort Room 1 Double Bed
38506898,Comfort Room 1 Twin Bed
38506898,Comfort Room 1 Twin Bed 1 Single Bed
38506898,Comfort Room 1 Double Bed Private Entrance
38539246,Deluxe Royal Wing
38539246,Premier Deluxe Royal Wing
38539246,Deluxe Family Royal Wing
38539246,Royal Suite
38539246,Royal Executive Suite
38539246,Deluxe Room Paradise Wing
38539246,Deluxe Partial Sea View Room
38539246,Premier Deluxe room Paradise Wing
38539246,Mini Suite
38539246,Junior Suite
38539246,Paradise Suite
38539246,Paradise Executive Suite
38540512,Superior Double or Twin Room
38540512,Deluxe Double or Twin Room
38540786,Deluxe Garden View
38540786,Deluxe Pool View
38540786,Deluxe City View
38540786,Deluxe Sea View
38540786,Deluxe Family Two Bedroom
38540786,Theme Suites
38540786,Siam Suites
38540786,Deluxe Suites
38540819,Junior Suite
38540819,Junior Suite Oceanfront
38540819,Grand Suite
38540819,Family Suite
38540819,One-bedroom Royal Thani Suite
38540819,Two-bedroom Royal Thani Suite
38540819,Deluxe Room
38540819,Deluxe Pool View
38540819,Grand Deluxe Pool Access
38540819,Family Room Pool Access
38540819,Family Two-Bedroom
38540819,Teen Suite Two-Bedroom
38609410,Classic Room with 1 double bed
38609410,Classic Room with twin beds
38609410,Classic room accessible to people with reduced mobility with 1 double bed
38609410,Classic Room with 1 double bed and 1 armchair not convertible
38609410,Privilege Room on an upper floor with 1 double bed
38609410,Privilege Room with 1 double bed and 1 armchair not convertible
38609410,Privilege Room on an upper floor with Eiffel Tower view and 1 double bed
38609410,Junior Suite with 1 double bed and 1 double sofa bed
38688667,1 King Bed
38688667,2 Twin Beds
38688667,1 King Club Access
38688667,2 Twin Club Access
38688667,Club King Sea View
38688667,Club Twin Sea View
38688667,Regency Suite King
38688667,Regency Suite Twin
38688667,Regency Executive Suite
38688667,Emiri Suite
38688667,Royal Suite
38689535,Standard Room
38689535,Premium Garden View Room
38689535,Premium Side Sea View Room
38689535,Standard Accesible Room
38689535,Premium With Terrace
38689535,Premium With Sofa
38689535,Premium Lounge Access
38689535,Junior Suite Side Sea View Terrace
38689535,Junior Suite Sofa Bed Sea View
38689535,Junior Suite Sofa Sea View
38689535,1 King And 2 Twin Junior Suite
38689535,Junior Suite Pool Access
38689535,Diplomatic Suite
38689535,Presidential Suite
38727462,Valley Deluxe Room
38727462,Valley Deluxe Room | City View
38727462,Valley Deluxe Room | Attraction View
38727462,Valley Deluxe Room | Strip View
38727462,Valley Deluxe Room | Pool View
38727462,Valley Deluxe Room | Connector
38727462,Valley Deluxe Room | Accessible Roll-In
38727462,Valley Deluxe Room | Mobility Tub
38727462,Valley Deluxe Room | Hearing Impaired
38727462,Valley Studio Room
38727462,Valley Accessible Studio Room
38727462,Valley Executive Suite
38727462,Valley Accessible Executive Suite
38727462,Valley Vice Presidential Suite
38727462,Valley Accessible Vice Presidential Suite
38727462,Valley Presidential Suite
38727462,Valley Accessible Presidential Suite
38727462,Valley Penthouse Suite
38727462,Valley Accessible Penthouse Suite
38727462,Valley Tower Room Assigned on Arrival
38727462,Mountain Deluxe Room
38727462,Mountain Deluxe Room | Strip View
38727462,Mountain Deluxe Room | Pool View
38727462,Mountain Deluxe Cabana | Pool View
38727462,Mountain Deluxe Room | PetStay
38727462,Mountain Deluxe Room | Connector
38727462,Mountain Deluxe Room | Hearing Impaired
38727462,Mountain Studio Room
38727462,Mountain Junior Executive Suite
38727462,Mountain Executive Suite
38727462,Mountain Presidential Suite | 1 Bedroom
38727462,Mountain Presidential Suite | 2 Bedrooms
38727462,Room Type Assigned on Arrival
38733989,Four Bedroom Villa
38733989,Beachfront Villa
38733989,Luxury Pool Villa
38733989,Luxury Garden View Villa
38733989,Premium Pool View Room
38734198,Superior Ocean Vista
38734198,Deluxe Room
38734198,Corner Suite
38734198,Middle Suite
38734380,Classic Room Garden View
38734380,Classic Room Singaraja Space Access
38734380,Premium Mezzanine Singaraja Space Access
38734380,Premium Club Lounge Access Garden View
38734380,Premium Mezzanine Club Lounge Access
38734380,One Bedroom Suite Club Lounge Access
38734380,Balinese Suite Club Lounge Access
38734380,Uluwatu Suite Club Lounge Access
38734380,Sanctuary Suite Club Lounge Access
38734380,Bukit Suite Club Lounge Access
38734380,Pecatu Suite Club Lounge Access
38734380,Classica Villa Club Lounge Access
38734380,Jivana Villa Club Lounge Access
38734552,Standard Room
38734552,Grand Deluxe Room
38734552,Duplex Room
38734751,King Bay View Patio Guest room
38734751,King Guest Room - Garden View
38734751,King Guest Room - Garden View Patio
38734751,Queen/Queen Guest Room - Bay View
38734751,Queen/Queen Guest Room - Bay View Patio
38734751,Queen/Queen Guest Room - Garden View
38734751,Queen/Queen Guest Room - Garden View Patio
38734751,Queen/Queen Guest Room - Pool View
38734751,Bay View Guest Room
38734751,Bay View Suite
38735134,Deluxe Twin Room
38735134,Deluxe Triple Room
38735396,Dash Deluxe City View
38735396,Dash Deluxe Pool View
38735396,Dash Two Bedroom
38735396,Dash Studio City View
38735396,Dash Studio Graffiti
38741282,Yellow Ribbon Rooms
38741282,Blue Ribbon Rooms
38741282,IRIS Club Room
38741862,Executive Villa King Room
38741862,"Executive villa Room with 2 Single beds , Garden Side"
38741862,Boutique Villa King Room
38741862,Boutique Villa Twin Room
38741862,Executive Villa pool view King Room
38741862,Executive Villa pool view Twin Room
38741862,Boutique Villa pool view King Room
38741862,Boutique Villa pool view Twin Room
38741862,Executive Suite
38741862,Premium Suite
38741862,Premium Villa Room
38746032,Heritage Single Room
38746032,Heritage Compact Room
38746032,Standard Double/Twin room
38746032,Triple room
38746032,Family room
38746032,Superior Double room with balcony
38746032,Small Double/Twin room
38746032,Standard Single room
38758386,Newly Renovated Resort Tower King
38758386,Newly Renovated Resort Tower Two Queen
38758386,Newly Renovated Resort Strip View King
38758386,Newly Renovated Resort Strip View Two Queen
38758386,Newly Renovated Resort Superior King
38758386,Newly Renovated Resort Luxury Suite
38758386,Newly Renovated Resort Luxury Two Bedroom Suite
38758386,Royal Tower King
38758386,Royal Tower Two Queen
38758386,Royal Superior King
38758386,Royal Luxury Suite
38758386,Royal Two Bedroom Luxury Suite
38772558,Superior Room
38772558,Deluxe Room
38772558,Suite
38777843,Room Deluxe Studio on a High floor
38777843,Studio 1 Double Bed
38777843,Studio 2 Single Beds
38781561,Room Suite
38781561,Room Suite With 2 Single Beds
38781561,Room Family Suite
38783978,Superior Room
38783978,Deluxe Room
38783978,Deluxe Twin Room
38783978,Deluxe Double Room
38783978,Executive Room
38783978,1-Bedroom Apartment
38783978,2-Bedroom Apartment
38783978,Presidential Suite
38811533,Pool Villa
38811533,Deluxe Pool Villa
38811533,Pool Villa with Pool Access
38811533,Pool Villa Family
38811533,Pool Villa Family Accessible
38811533,Pet-Friendly Pool Villa
38811533,Pet-Friendly Pool Villa Family
38811533,Two-Bedroom Villa Suite
38811533,Three-Bedroom Villa Suite
38815190,One-Bedroom Villa with Private Pool
38815190,Two-Bedroom Villa
38815190,Three-Bedroom Villa
38856070,Executive Deluxe Rooms
38856070,Club Premium Rooms
38856070,Club Suites
38856070,Presidential Suite
38856070,Executive Deluxe Twin Rooms
38856201,Club Room
38856201,Pavilion Room
38856201,Suite
38864492,Deluxe Room
38864492,Grand Deluxe Room
38864492,Grand Deluxe Sunset View
38864492,Studio Room
38864492,Family Room
38866095,Eden Room
38866095,Eden Room Pool Access
38866095,Eden Room Kids Pool Access
38866095,Eden Suite Room
38866095,Eden Junior Suite Room
38866095,Eden Family Room
38866110,One Bedroom Private Pool Villa with Rice Field View
38866110,One Bedroom Private Pool Villa with Valley View
38867830,Deluxe Room
38867830,Premium Garden View Room
38867830,Premium Sea View Room
38867830,Club Room
38867830,One Bedroom Suite
38867830,Club Grand Room
38867830,Two Bedroom Suite
38867830,Royal Princess Suite
38868923,Standard Room
38868923,Standard Triple Room
38868923,Superior Room
38868923,Superior Corner Triple Room
38868923,Deluxe Room
38868923,Deluxe Corner Room
38868923,Deluxe Junior Suite
38868923,Penthouse 7
38868923,Penthouse 8
38868923,Penthouse 9
38899700,Superior (Twin/ King)
38899700,Superior Twin/ King Ocean View
38899700,Deluxe (Twin/ King)
38899700,Deluxe King/Twin Ocean View
38899700,Premier Ocean View
38906852,Cosy room with 1 Double Size Bed
38906852,Cosy room with 2 Single Size Beds
38906852,One room with 2 Single Size Beds
38906852,One room with 1 Double Size Bed
38906852,Room with view and ibis double bed
38906852,Room with 3 Single Size Beds
38906852,Family room with bunk beds and a view of the trains
38906934,Nobu Suite with Terrace & Bosphorus View
38906934,Ritz Carlton Suite with Spa Bath
38906934,Presidential Suite with Terrace and Hot Tub
38906934,Istanbul Suite
38906934,Bosphorus Suite
38906967,Standard Single Room
38906967,Standard Queen Bed Room
38906967,Standard Twin Room
38906967,Superior Twin Room
38906967,Standard Triple Room
38906967,Suite
38906990,Classic Room
38906990,Deluxe Room
38906990,Deluxe Premium Room
38906990,Executive Deluxe Room
38906990,"Classic Family Room, 2 double beds"
38906990,"Deluxe Family Room, 2 double beds"
38906990,"Classic Family Room, 2 adjoining bedrooms"
38906990,"Deluxe Premium Family Room, 2 adjoining rooms"
38906990,"Deluxe Family Room, 2 rooms, 4 double beds"
38906990,Deluxe Suite
38906990,Apartment
38906990,Deluxe Family Apartment
38907300,"Studio for 2 people, view of the town"
38907300,"Studio for 2 people, sea view"
38907300,"Apartment with 1 bedroom for 4 people, view of the town"
38907300,"Apartment with 1 bedroom for 4 people, sea view"
38907300,"Apartment with 1 bedroom for 6 people, sea view"
38908077,"Standard Room City View, Two Single Beds"
38908077,"Standard Room Side Sea View, Two Single Beds"
38908077,Longevity Room
38908077,"Comfort Sea View Room,Two Single Beds,Two Sofas"
38908077,"Comfort Sea View Room, Two Single Beds, Two Sofas"
38908077,"Connection Sea View Room, King Bed & Two Single Beds"
38908077,"Standard Room City View, King Bed"
38908077,"Standard Room Side Sea View, King Bed"
38908077,Standard Room Panoramic Sea View
38908077,"Comfort Sea View Room, Double Bed ,Two Sofas"
38908077,"Comfort City View Room,Two Single Beds,Two Sofas"
38908077,"Comfort City View Room,Double Bed,Two Sofas"
38908077,Standard Room - Accessible
38908077,"Junior Suite, Sea View, King Bed"
38908077,"Deluxe Terrace Suite, Sea View, King Bed, Two Sofas"
38908077,"Family Terrace Suite, City View, King Bed & Two Single Beds"
38908077,"Family Terrace Suite, Sea View, King Bed & Two Single Beds"
38908077,King Suite
38929012,Veranda Suite Pool View
38929012,Premium Terrace Suite
38929012,La Siesta Suite Balcony
38929012,Junior Suite Balcony
38929012,Grand Suite
38929012,Executive Suite Balcony
38929012,Executive Duplex Suite Balcony
38929012,Duplex Suite Balcony
38929012,Deluxe Window Double
38929012,Deluxe Triple Room
38929012,Deluxe Family-02 Queen Beds
38929012,Deluxe Balcony Double
38944287,SUPERIOR STUDIO WITH BALCONY
38944287,DELUXE STUDIO WITH BALCONY
38944287,EXECUTIVE SUITE WITH BALCONY
38944287,ADMIRAL SUITES WITH BALCONY
38952945,Double Room
38952945,Twin Room
38952945,Family Room
38952945,Accessible Room
38953071,Standard Double room
38953071,Standard Twin room
38953071,Premium Double room
38953071,Superior Double room
38953071,Suite
38953071,Suite with Balcony
38953071,Family room
38970760,Master Suite
38970760,Double Room
38970760,Deluxe Double Room
38970760,King Room
38970760,Deluxe King Room
38970760,Twin Room
38970760,Deluxe Twin Room
38970760,Deluxe Family Room
38970760,Deluxe Junior Suite
38970760,Studio Suite
38970760,Duplex Suite
38970760,Family Room
38971119,Superior Room with Queen-size bed and convertible sofa
38971119,Superior Room with Queen-size bed and twin convertible sofa
38971119,Superior Premium Room with Queen-size bed and convertible sofa
38971119,Executive Room with Queen-size bed and convertible sofa
38971119,Executive Room with Queen-size bed
38971119,Accessible Superior Room with Queen-size bed
38971119,Executive Suite with King-size bed
38995044,Superior Room - King Bed
38995044,Superior Room - Twin Beds
38995044,Executive Room King Bed with Additional Privileges
38995044,Executive Room King Bed - Garden View
38995044,Executive Suite King Bed - Separate Living Room - Bathtub
39025928,nhow Premium Rooms
39025928,nhow Friends & Family Rooms
39025928,nhow Junior Suites
39025928,rooms and suites with outstanding views
39026042,Wellness Suite
39026042,Deluxe Suite
39026042,Family suite
39026042,Suite Executive Spa
39026042,Junior suite with turkish bath
39026042,Comfort Room
39026042,Triple Room
39026042,Standard Room
39026042,Small Double Room
39038208,Sukhothai Suite
39038208,Ayutthaya Suite
39038208,Thonburi Suite
39038208,Rattanakosin Suite
39038208,Executive Studio Residence
39038208,One Bedroom Residence
39038208,Executive One Bedroom Residence
39038208,Executive Two Bedroom Residence
39039958,Deluxe Queen Queen Room
39039958,Deluxe King Room
39039958,Deluxe King High Floor Room
39039958,Deluxe King City Facing Room
39039958,Deluxe Queen Queen Valley View
39039958,Deluxe Accessible King/Twin Room
39039958,Deluxe King Pool View Room
39039958,Superior Double Double Room
39039958,One Bedroom Suite City View
39081606,Deluxe Room
39081606,Pool Access Room
39081606,Family Two Bedroom
39081606,Pool View Studio
39081606,Pool Suite
39082478,Superior Room
39082478,Premier Room
39082478,Suite Room
39082904,Single Room
39082904,Double Room
39082904,Triple Room
39090198,Couple Suite
39090198,Couple Junior Suite
39090198,Executive Seafront Adult Suite
39090198,Family Suite
39124175,"Deluxe King Room -Wifi, Bathtub"
39124175,"Deluxe King Room -Pool View, Wifi, Bathtub"
39124175,"Deluxe King Room -Airport View, Wifi, Bathtub"
39124175,"Deluxe Twin Room -Wifi, Bathtub"
39124175,"Superior King Room -Wifi, Bathtub"
39124175,"Superior King Room -Pool View, Wifi, Bathtub"
39124175,"Superior King Room -Airport View, Wifi, Bathtub"
39124175,"Superior Twin Room -Wifi, Bathtub"
39124175,"Superior Twin Room -Pool View, Wifi, Bathtub"
39124175,"Executive Club King Room -Lounge Access, Cocktail Hours, 20% off on FnB & Laundry"
39124175,"Executive Club King Room -Pool View, Lounge Access, Cocktail Hours, 20% off on FnB & Laundry"
39124175,"Executive Club King Room -Airport View, Lounge Access, Cocktail Hours, 20% on FnB & Laundry"
39124175,"Executive Club King Room -City View, Lounge Access, Cocktail Hours, 20% off on FnB & Laundry"
39124175,"Executive Club Twin Room -Pool View, Lounge Access, Cocktail Hours, 20% off on FnB & Laundry"
39124175,"Executive Club Twin Room -City View, Lounge Access, Cocktail Hours, 20% off on FnB & Laundry"
39124175,"Superior Suite -2 Way Airport Transfers, Lounge Access, 20% off on FnB & Laundry"
39124175,"Superior Suite -Pool View, 2 Way Airport Transfers, Lounge Access, 20% off on FnB & Laundry"
39124175,"Superior Suite -Airport View, 2 Way Airport Transfers, Lounge Access, 20% off on FnB & Laundry"
39124175,"Presidential Suite -Airport View, 2 Way Airport Transfers, Lounge Access, 20% on FnB & Laundry"
39148528,Premier Suite
39148528,Premier Room
39148528,Executive Superior Room
39148528,Executive Suite
39152876,Deluxe Rooms
39152876,Grand Deluxe Rooms
39152876,Suites
39159634,New Superior Room
39159634,Superior Twin Room
39159634,Deluxe Pool View King Room
39159634,Deluxe Pool View Twin Room
39159634,Oasis King Room
39159634,Oasis Twin Room
39159634,Poolside Access King Room
39159634,Poolside Access Twin Room
39159634,Premium Pool View Family Room with Day Bed
39159634,Premium Pool View King Room
39159634,Premium Pool View Twin Room
39266991,Deluxe Room
39266991,Deluxe Suite
39266991,Family Deluxe Suite
39266991,Embassy Suite I
39266991,Embassy Suite II
39266991,Family Embassy Suite
39266991,Studio Suites
39266991,Executive Suites
39266991,Garden Villa
39266991,Honeymoon Villa
39266991,Crown Villa
39266991,President Suite
39266991,Royal 2 Bedrooms Villa
39266991,Royal 3 Bedrooms Villa
39299310,Studio
39299310,Studio Executive
39299310,Studio Executive Twin
39299310,Studio Premier
39299310,Deluxe Suite
39299310,Executive Suite
39299310,One-Bedroom Premier
39299310,Two-Bedroom Executive
39299310,Two-Bedroom Premier
39299310,Presidential Suite
39305399,Superior Single Room
39305399,Classic Room
39305399,Superior Room
39305399,Deluxe Room
39305399,Deluxe Room with Balcony
39305399,Suite
39311226,Room Superior Double Bed
39311226,Room Superior Twin Beds
39311226,Room Deluxe Double Bed
39311226,Room Deluxe Twin Beds
39311226,Room Deluxe Double Beds Balcony
39311226,Room Deluxe Twin Beds Balcony
39311226,Room Deluxe Ocean View Double Bed
39311226,Room Deluxe Ocean View Twin Beds
39311226,Room Refurbished Superior Double Bed
39311226,Room Refurbished Superior Twin Beds
39311226,"Junior Ocean View Suite, 1 king-size bed"
39318851,1 Bedroom Suite Pool Access
39318851,1 Bedroom Suite Private Pool Villa
39318851,2 Bedroom Suite Private Pool Villa
39318851,2 Bedroom Presidential Private Pool Villa
39318851,3 Bedroom Suite Private Pool Villa
39318851,4 Bedroom Suite Private Pool Villa
39318851,5-6-7 Bedroom Suite Private Pool Villa
39320862,Presidential Suite at The Leela Bhartiya City Bengaluru
39320862,Luxury Suite at The Leela Bhartiya City Bengaluru
39320862,Executive Suite
39320862,Royal Club Room at The Leela Bhartiya City Bengaluru
39320862,Premier Room at The Leela Bhartiya City Bengaluru
39320862,Deluxe Room
39346139,King Towers Guest Room
39346139,ITC One Room
39346139,Tower Room
39346139,Pelican Suite
39346139,Peacock Suite
39346139,Tower Suite
39357422,Royale Deluxe Suite
39357422,Bella Deluxe Suite
39357422,Famiglia Suite
39357422,Premio Royale Suite
39357422,Premio Bella Suite
39357422,Rialto Deluxe Suite
39357422,Rialto Bella Deluxe Suite
39357422,Premio Rialto Suite
39357422,Premio Rialto Bella Suite
39357422,Cielo Suite (2 Bedrooms)
39357422,Milano Suite
39357422,Florence Suite (2 Bedrooms)
39357422,Palazzo Suite (3 Bedrooms)
39357422,Presidential Suite (4 Bedrooms)
39359771,Deluxe Room
39359771,Deluxe Panoramic Room
39359771,Premier Marina Bay Room
39359771,Executive Marina Bay Room
39359771,Deluxe Two Bedrooms
39359771,Deluxe Panoramic Two Bedrooms
39359771,Premier Marina Bay Two Bedrooms
39359771,Pacific Club Room
39359771,Pacific Club Studio
39359771,Pacific Club Select Studio
39359771,Premier Suite
39359771,Skyline Suite
39359771,Panoramic Suite
39359771,Pan Pacific Suite
39359771,Pacific Club Two Bedrooms
39399661,Guest Room
39399661,Lagoon View Room
39399661,Sea View Room
39399661,Pool View Room
39399661,Garden View One Bedroom Suite
39399661,Pool View One Bedroom Suite
39434461,Deluxe Rooms
39434461,Super Deluxe Rooms
39439686,Thematic Room
39439686,Deluxe Room
39439686,Deluxe Suite
39439686,Family Room
39439686,Romantic Room
39455601,Superior Room King Bed
39455601,Superior Room Twin Bed
39455601,Deluxe King bed room with Balcony
39455601,Deluxe twin bed room with Balcony
39455601,Executive room with Bathtub
39455601,Deluxe King Room with 01Sofa Cum Bed
39455601,Classic Family Room with 02 Queen bed
39455601,Deluxe Suite
39455601,Presidential Suite with 2 bedrooms
39456184,Superior Room
39456184,Executive Room
39456184,Premium Room
39456269,Rock Garden Rooms
39456269,Heritage Classic Cottages
39456269,Heritage Superior Cottages
39456269,Heritage Premium Cottages
39456269,Banyan Tree Bungalow
39488797,Superior Room
39488797,Deluxe Room
39488797,Evitel Smart Room
39488797,Suite
39517470,Garden Villas
39517470,Family Garden Villas
39517470,One Bedroom Pool Villa
39517470,Two Bedrooms Pool Villa
39517470,One Bedroom Luxury Pool Villa
39517470,Two Bedrooms Luxury Pool Villa
39519491,Deluxe Garden View Twin Bed
39519491,Deluxe Ocean View Twin Bed
39519491,Junior Suite Garden View King Bed
39519491,Three Bedroom Villa Lake View
39519491,Three Bedroom Villa Ocean View
39519491,Deluxe Garden View King Bed
39519491,Deluxe Ocean View King Bed
39519493,Classic Room King - Without View
39519493,Deluxe Room king - Haram view
39519493,Superior Room King - City view
39519493,Classic Triple Room - Without View
39519493,Superior Room Twin - City View
39519493,Superior Quad Room - City view
39519493,Executive Suite - Panoramic Haram view
39519493,Junior Suite - Without View
39519493,Junior suite - Panoramic Haram View
39519493,Executive Suite - City View
39519493,Superior Accessible Room - City view
39519493,EXECUTIVE SUITE - HARAM VIEW
39519493,Classic Accessible Room - Without view
39519493,DELUXE SUITE - City View
39519493,ROYAL SUITE - Panoramic Haram View
39520938,Deluxe Rooms
39520938,Deluxe Bungalow Room
39520938,Club Room - Adults 18+ Only
39520938,Royal Room
39520938,Suite Room
39520938,Junior Club Suite - Adult 18+ only
39520938,Club Suite - Adult 18+ only
39522643,Lord Kitchener Suite
39522643,Deluxe Suite
39522643,Superior Room with Balcony
39522643,Premier Mountain View Room
39522643,Deluxe Garden View Room
39523229,Executive Suite
39523229,Studio Room
39523229,Executive Room
39523229,Deluxe Room
39523229,Superior Room
39523229,Universally Accessible Room
39523229,Business Room
39526686,Icon Executive Rooms
39526686,Studio Rooms
39529266,Superior Room
39529266,Deluxe Room
39529266,Grand Deluxe Room
39529266,One Bedroom Suite
39529266,Family Room
39529266,Family Suite
39529266,Penthouse Suite
39529485,Deluxe Room with a bathtub
39529485,Panoramic Room
39529917,Room Deluxe
39529917,Room Deluxe Pool View
39529917,Suite Junior Suite Pool Access
39530101,Executive Double Room
39530101,Double Room
39530101,Executive Single Room
39530101,Single Room
39530101,Triple Room
39530101,Deluxe Junior Suite
39530101,Historical suite
39531770,Essential Studio
39531770,Essential Room
39531770,Premium Room
39531770,Grand Premium
39531770,Accessible Essential Room
39531770,Maa-Lai Suite Green Lung View
39531770,Sindhorn Suite
39531770,Kimpton Suite
39531770,Embassy Suite
39531770,Two-Bedroom Embassy Suite
39531770,Two-Bedroom Family Suite Balcony
39531770,The Bill Kimpton Suite
39531770,One Bedroom Residence Balcony
39531770,Two Bedroom Residence
39531770,Two Bedroom Residence Green Lung View
39531770,Three Bedroom Residence Balcony
39559561,Royal Family Suite (Interconnecting)
39559561,Presidential Suite
39559561,Two Bedroom Suite
39559561,Prestige Suite
39559561,Honeymoon Suite
39559561,Family Premier Suite
39559561,Resort Suite
39559561,Premier Suite
39559561,Family Deluxe Interconnecting
39559561,Family Room
39559561,Grand Deluxe Room
39588642,Standard Room
39588642,Deluxe Room
39588642,Super Deluxe Room
39588642,Suite Room
39590080,Guest rooms
39590080,Suites
39591074,Presidential Suite with Private Terrace
39591074,Deluxe Suite with Private Balcony
39591074,Premier Room with Private Balcony
39591074,Luxury Room with Private Balcony
39591074,Deluxe Room with Private Balcony
39592909,Standard Room
39592909,Suite Room
39592909,Cottage
39592909,Pool Villa
39593037,Jungle Suite with Private Balcony
39593037,River Valley Suite with Private Jacuzzi
39593037,One-bedroom Pool Villa
39593037,One-bedroom Rice Field Pool Villa
39593037,One-bedroom Garden Pool Villa
39593037,One-bedroom Jungle Pool Villa
39593037,One-bedroom River Valley Pool Villa
39593037,One-bedroom Sky Infinity Pool Villa
39593037,Two-bedroom Pool Villa
39593037,Two-bedroom Lagoon Pool Villa
39593037,Two-bedroom Jungle Pool Villa
39593037,Two-bedroom Lagoon Infinity Pool Villa
39593037,Two-bedroom Sky Infinity Pool Villa
39593037,Visesa Forest Suite with Private Jacuzzi
39593037,Two-bedroom Royal Sky Pool Villa
39593037,Royal River Valley Pool Villa
39599576,Garden-view rooms
39599576,City-view rooms
39599576,Rooms with balconies
39599576,Junior Suite
39599576,Connecting rooms
39600375,Standard Rooms
39600375,Deluxe Rooms
39600375,Executive Rooms
39600376,Deluxe Room
39600376,Executive Room
39600376,Family Room
39600376,Executive Suite
39600376,Presidential Suite
39604898,1 Queen Standard
39604898,2 Twin Standard
39604898,Standard Room
39604898,1 Queen Standard High Floor
39604898,2 Twin Standard High Floor
39604898,1 Queen Suite Kitchenette
39604898,1 Queen Suite Kitchenette High Floor
39604898,1 Bedroom Suite Kitchenette
39604898,1 Bedroom Suite Kitchenette High Floor
39604898,Two Bedroom Suite
39605023,Pool Studio
39605023,Living Honeymoon Suites
39605023,Living Garden Suites
39605544,Club Double Room with Bathtub
39605544,Premier Room with Bathtub
39605544,Executive Room
39605544,Deluxe Double or Twin Room
39605544,Orchid Suite
39605544,Day Use Room
39607194,One-Bedroom Villa
39607194,Deluxe Cottage
39607194,Superior Cottage
39607194,Suite Cottage
39607194,Cliff View Cottage
39607399,Grand Room
39607399,Premium Grand Room
39607399,Grand Suite
39607399,Premium Grand Suite
39607399,Family Suite
39607399,Premium Family Suite
39607985,Superior City View
39607985,Executive Garden View
39607985,Superior River View
39607985,Junior Suite
39607985,Honeymoon Suite
39607985,Duplex Suite
39607985,Suite Pool View
39607985,Premium Superior King
39607985,Premium Riverview King
39607985,Premium Riverview Twin
39607998,Deluxe Room
39607998,Executive Room
39607998,Suites Room
39607998,Rain Forest Glam Camps
39608386,Deluxe Double Room
39608386,Deluxe Twin Room
39608386,Premium Deluxe Room
39608386,Grand Deluxe Room
39608971,Superior Room King Bed
39608971,Superior Room Twin Bed
39608971,Deluxe Room King Bed
39608971,Deluxe Room Twin Bed
39608971,Executive Room
39608971,Pawcations Room
39608971,Premium Suite
39609090,Heritage Superior Suite
39609090,Heritage Premium Suite
39609090,Heritage Signature Suite
39609337,Room Deluxe King
39609337,Room Deluxe Twin
39609337,Room Premier King
39609337,Room Premier Twin
39609337,Room Premier Balcony
39609337,Suite Studio Suite
39609337,Suite Studio Suite Balcony
39609337,Suite Heritage Suite
39609581,Standard Rooms
39609581,Fortune Club Superior Rooms
39609581,Suites
39609623,Superior Room
39609623,Executive Suite
39609623,Deluxe Suite
39609821,Executive Suite
39609821,Premium Room
39609821,Premium Twin Bedroom
39609821,Superior Room
39609905,Room Assigned on Arrival
39609905,Valley View Classic Room With Balcony
39609905,Valley View Premier Room With Balcony
39609905,Valley View Junior Suite With Sit-Out
39609905,Valley View Indulge Room With Balcony
39609905,Guest Room
39609905,Studio Compact
39610033,Executive Deluxe Room
39610033,Family Room
39610033,Ocean View Room
39610033,Pool Side Cottage
39610033,Golf Vista Cottage
39610033,Premier Golf Vista Cottage
39610077,Premier Garden View Room with Patio
39610077,Deluxe Garden View Rooms
39610077,Deluxe Pool View Rooms
39610077,Suites
39610429,Superior Room
39610429,Deluxe Room
39610631,Deluxe One-Bedroom Apartment
39610631,Super Deluxe Two Bedroom Apartments
39610631,Studio Apartments
39610969,Room Superior 1 King Bed
39610969,Room Superior 2 Single Beds
39610969,Room Deluxe Room 1 King bed
39610969,Room Deluxe room with 2 Single beds
39610969,Room Executive Room 1 King Bed
39610969,Room Executive Room 2 Single Beds
39610969,Suite Executive Suite 1 King Bed
39610969,Suite Executive Suite with 2 Single Beds
39610969,Suite Pullman Signature Suite
39610969,Suite Presidential Suite
39612378,Superior Room
39612378,Premier Room
39612378,Suite Room
39614731,Deluxe Room Pool View King Bed
39614731,Deluxe Room Pool View Twin Bed
39614731,Luxury Room City King Bed
39614731,Luxury Room City Twin Bed
39614731,Bay View Room King Bed
39614731,Bay View Room Twin Bed
39614731,Serene Infinity Sea View Room King Bed
39614731,Serene Infinity Sea View Room Twin Bed
39614731,Sea Link View Room King Bed
39614731,Sea Link View Room Twin Bed
39614731,Grand Luxury Room King Bed
39614731,Grand Luxury Room Twin Bed
39614731,Taj Club Room King Bed
39614731,Taj Club Room Twin Bed
39614731,Taj Club Room Sea View King Bed
39614731,Executive Suite Pool View King Bed
39614731,Luxury Suite King Bed Sea View
39614731,Grand Luxury Suite Sea View King Bed
39614731,Sea Link Suite
39614731,Royal Suite King Bed Sea View
39614731,Signature Suite King Bed
39614731,Presidential Suite King Bed Sea View
39615833,Superior Room - King Size Bed
39615833,Superior Room - Two Single Beds
39615833,Premier Room - King Bed on Exclusive floor with Premier Lounge access
39615833,Premier Room - Twin Bed on Exclusive floor with Premier Lounge access
39615833,Junior Suite
39615833,Premier Suite - Ideal for extended Stay with lounge access
39615833,Master Suite
39615833,Studio Suite
39615976,Room Standard room with Queen size bed
39615976,Room Superior room with Queen size bed
39615976,Room Executive room with 1 Queen size bed
39615976,Room Executive Room with 1 King size bed
39615976,Room Standard room with 2 single beds
39615976,Room Superior room with 2 single beds
39616231,Comfort rooms with 1 double bed
39616231,Comfort rooms with 2 single beds
39616231,Superior room with 1 double size bed
39616231,Superior rooms with 2 single beds
39616231,Privilege rooms with 1 double bed and 1 sofa bed
39616231,Comfort room is accessible
39616231,Superior double room with connecting door
39617221,Premium Twin Room
39617221,Deluxe Double Room
39617221,Premium Triple Room
39617221,Executive Room
39617221,King Suite
39617461,Superior Room - Double Bed
39617461,Superior Room - Twin Beds
39617461,Superior Room - Triple Beds
39617461,Deluxe Room - Double Bed
39617461,Deluxe Room - Twin Beds
39617461,Deluxe Room - Triple Beds
39617461,Junior Suite - Double Bed
39617461,Junior Suite - Triple Beds
39617461,Junior Suite - Two Double Beds
39617461,Two Bedroom Suite
39617493,Deluxe Room
39617493,Splash Room
39617493,Dorsett Junior Terrace
39617934,Grand Suite
39617934,Royal Suite
39617934,Executive Suite
39617934,Executive Room
39617934,Deluxe Room
39617934,Standard Room
39618116,STANDARD QUEEN ROOM
39618116,STANDARD TWIN ROOM
39618116,Family Retreat Room - 20% Off Spa
39618116,Superior Queen Room - 30% discount on F&B
39618116,Superior Twin Room - 30% discount on F&B
39618537,Superior Room
39618537,Business Class Room
39618537,Suite
39618651,Superior Suite
39618651,Executive Suite
39618733,Executive Club Room
39618733,Club Room
39618733,Deluxe Room
39620215,Classic Room
39620215,Deluxe Tent
39620215,Luxury Cottage With Balcony
39620215,Luxury Cottage with Private Sit-out
39620215,Premium Cottage with Jacuzzi
39620215,Premium Tent
39620215,Ananta Villa
39620215,Luxury Tent
39620215,Luxury Classic Junior Suite
39621059,Luxury Cottage
39621059,Accessible Cottage
39621191,Luxury Room Facade View
39621191,Luxury Room City View King Bed
39621191,Luxury Room City View Twin Bed
39621191,Luxury Room Pool View
39621191,Luxury Room Runway View King Bed
39621191,Luxury Room Runway View Twin Bed
39621191,Taj Club Tranquillity Room
39621191,Taj Club Room City View King Bed
39621191,Taj Club Room City View Twin Bed
39621191,Taj Club Room Runway View
39621191,Junior Suite
39621191,Luxury Suite
39621191,Grand Luxury Suite
39621191,Presidential Suite
39621614,Attic room with King Size Bed - No view
39621614,Attic room with Twin Beds - No view
39621614,Standard room with King Size Bed
39621614,Standard room with Twin Beds
39621614,Superior room with King Size Bed
39621614,Superior room with Twin Beds
39621614,Deluxe room with King Size Bed
39621614,Deluxe room with Twin Beds
39621614,Family Deluxe with 1 King bed and 1 Bunk Bed
39621614,Family Bunks with 4 bunk beds
39621614,Family Superior with 1 King size bed and 1 Single bed
39621614,Executive Suite with King Bed
39621614,Duplex Suite with 1 King bed
39621614,Family Suite with King Bed and Twin Beds
39621614,"President Suite, French Village view - 1 Double Bed"
39621860,Presidential Suite
39621860,Bentley Suite
39621860,Cosmopolitan Suite
39621860,St. Regis Suite
39621860,Empire Suite
39622115,SWALA DELUXE ROOM
39622115,TEMBO FAMILY SUITE
39622210,Deluxe Twin Room
39622210,Executive Deluxe Twin
39622210,Executive Premium King Guest Room
39622210,Executive Deluxe King Guest Room
39622210,Deluxe King Guest Room
39622210,3-Bay Apartment
39622210,Courtyard Suite
39622210,Presidential Suite
39622210,Studio Suite
39622210,4-Bay Apartment
39623790,Deluxe Suite
39623790,Premier Suite
39623790,Presidential Suite
39623790,Deluxe Room
39623790,Premier Room
39623790,Trident Club Room
39624718,Superior Room
39624718,Deluxe Room
39624718,Suite
39625239,Elite Suite
39625239,Double Room
39625239,Twin Room
39625263,The Escale City View Rooms
39625263,The Escale Sea View Rooms
39625263,The Superior City View Rooms
39625263,The Superior Sea View Rooms
39625263,The Superior Sea View Rooms with Balcony
39625263,The City View Junior Suites
39625263,The Sea View Junior Suites
39625263,The City View Suite
39625263,The Sea View Suite with Balcony
39625263,The Large Suite Cap de Nice
39626118,Spa Sanctuary Villas
39626118,Clay Pool Cottages Pa-Ta-Pea
39626118,Tent Pool Villas Khon-Jorn
39626118,Tree Pool Houses We-Ha
39626402,Deluxe Terrace Room
39626402,Deluxe Pool View
39626402,Deluxe Pool Access
39626402,Pool Access Suite
39626533,Tree House AC Room
39626533,Cave Room
39626533,Presidential Suite
39626533,Double Bedroom Pool Villa
39626533,Jacuzzi 180 Degree Suite
39626533,Premium Club Suite
39626533,Classic AC Room
39626533,Honeymoon Suite
39626533,Family Interconnected Club Suite
39626533,Single Bedroom Pool Villa
39626533,2 Bedroom Mini Pool Villa
39626533,Superior Room
39626533,Family Jacuzzi Room
39626533,Premium Room
39626533,Family Premium Quadra Deluxe
39626533,Jungle Room
39626533,90 Degree Club Suite
39626533,180 Degree Club Suite
39626716,Superior Room
39626716,Premier Room
39626716,Deluxe Room
39626821,Standard Room (Resort Room)
39626821,Deluxe Room
39626821,Jacuzzi Suite
39626990,Superior Room
39626990,Lagoon Room
39626990,Balcony Room
39626990,Superior Suite
39626990,Deluxe Suite
39626990,Lagoon Suite
39626990,Broadwater Suite
39626990,Imperial Suite
39627056,"Room with 1 double bed 63x79 inches 160x200 cm, new sleep easy concept"
39627056,"Room with twin beds 31x79 inches 80x200 cm, new sleep easy concept"
39627056,Room with 1 double bed 63 x 79 in 160 x 200 cm and 1 single bed 31 x 79 in 80 x 200 cm
39627056,"Room with double bed 160 x 200 cm, new sleep comfort concept and balcony"
39627056,"Room with 1 double bed (160 x 200 cm), wheelchair accessible"
39628831,Deluxe Room
39628831,Studio Room
39628831,Executive Room
39628831,Premier Room
39628831,Premier Club Room
39628831,Executive Suite
39628831,Deluxe Suite
39628831,Presidential Suite
39628946,STANDARD QUEEN ROOM
39628946,STANDARD TWIN ROOM
39628946,Superior Queen Room - 30% discount on F&B
39630049,Superior Room
39630049,Grand Club Room
39630049,Grand Suite
39630049,Grand Presidential Suite
39631965,Standard Suite
39631965,Classic Suite
39631965,Deluxe Suite
39631965,Superior Suite
39631965,Suite
39631974,Premium King Suite with Spa Bath and Fireplace
39631974,Luxury King Suite
39631974,Deluxe King Suite with Fireplace
39631974,Executive King Suite with Fireplace
39632016,Grand Deluxe Room
39632016,Grand Deluxe Waterfront Room
39632016,Premier Room
39632016,Premier Waterfront Room
39632016,Grand Club King
39632016,Grand Club Waterfront King
39632016,Premier Club King
39632016,Premier Club Waterfront King
39632016,Grand Executive Suite
39632016,Grand Waterfront Suite
39632016,One Bedroom Serviced Apartment
39632016,Family 2 Bedroom Apartment
39632041,Double Room
39632041,Twin Room
39632041,Single Room
39632041,Triple Room
39632041,Premium Room
39632114,Premium Suites
39632114,Deluxe Pool View
39632114,Family Suites
39632114,Deluxe Room
39632114,Honeymoon Suite
39632142,Residential Suite with Pool
39632142,Residential Suite
39632142,Presidential Suite
39632142,Deluxe Suite
39632142,Premier Room
39632142,Luxury Room
39632142,Deluxe Room
39632518,Deluxe King Room
39632518,Deluxe Suite
39632518,Studio Apartment Suite
39632518,Presidential Suite
39632527,Standard Non AC Room
39632527,Executive AC Room
39632527,Triple Room
39632527,Family Suite Non AC Room
39632527,Family Suite AC Room
39632527,Junior Suite Room
39632941,Superior Room King Bed
39632941,Superior Room Twin Bed
39632941,Deluxe Room King Bed
39632941,Deluxe Room Twin Bed
39632941,Premium Room King Bed
39632941,Premium Room Twin Bed
39632941,SeleQtions Suite
39633250,Sea View Deluxe Room
39633250,Sea View Corner Suite
39633250,Hill Side Room
39633250,Sea View Deluxe Chalet
39633250,Sea View Premium Chalet
39633250,Sea View Chalet
39633250,Family Room
39633250,Sea View Premium Room
39633416,Fantastic Chalet
39633416,Executive Suite
39633416,Sea View Chalet
39634615,Standard Room
39634615,Superior Room
39634615,Superior Cottage
39634615,Deluxe Cottage
39634615,Private Cottage
39634797,Classic City View
39634797,Premium City View
39634797,Classic Ocean View
39634797,Premium Ocean View
39634797,Junior Suite Ocean View
39634797,Executive Suite Ocean View
39634797,Family Ocean View 02 Bedrooms
39634797,Phu Quoc Suite Ocean View 02 Bedrooms
39634797,Signature Suite 03 Bedrooms
39635058,Studio Loft
39635058,Premier Loft
39635058,Studio Loft Twin Room
39635058,Executive Loft
39635058,Family Loft
39635058,Moonlight Loft
39635892,Deluxe Room
39635892,Deluxe Cliff View
39636191,Edwardian Suite
39636191,Victorian Suite
39636191,Victorian Executive Suite
39636191,Deluxe Room
39636191,Edwardian Room
39636201,Breezy Rooms
39636201,Urban Rooms
39636607,Honeymoon Cottage
39636607,Mahua Bagh Cottage
39636607,Pool Villa Cottage
39636607,Aravali Cottage
39636607,Premium Room
39636607,Mahua Bagh Vista
39636607,Super Deluxe Room
39636607,Deluxe Room
39636607,Horizon Pool Cottage
39636607,Skyline Escape Villa
39636637,Grandeur Suite - Living & Bed Room with Jacuzzi
39636637,Suite - Living & Bed Room with Private Sitout
39636637,Cottage by the Sea
39636637,Park View Room with Private Sitout & Lawn
39636637,Club Room with Private Sitout
39636637,Deluxe Seaside Room with Private Sitout
39636637,Deluxe Room
39636637,Honeymoon Suite - Open Sky Shower & Private Sitout
39636637,Jr. Family Suite - Adjacent to Dizzee World
39637369,Deluxe King Room
39637369,Deluxe Twin Room
39637369,Family King Room
39637677,King Deluxe Guest Room
39637677,Deluxe Room - Accessible
39637677,Twin/Twin Deluxe Guest Room
39637677,King Deluxe Pool View Guest Room
39637677,King Deluxe Pool Guest Room with Terrace
39637677,Twin/Twin Deluxe Pool Guest Room with Terrace
39637677,Twin/Twin Deluxe Pool View Guest Room
39637677,Deluxe Room - Bisma Road View
39637677,Deluxe Room - Sri Rama Road View
39637677,Deluxe Room - Pool View
39637677,Deluxe Pool Terrace - Terrace
39637677,Garden Suite
39637677,Junior Suite
39637677,Grand Suite
39637748,Superior City View King Bed
39637748,Superior Double or Twin Room
39637748,Deluxe Room
39637748,Deluxe Pool Access
39637748,Grand Deluxe Room
39637748,Superior Comfy Triple
39637748,Deluxe Triple Room
39637748,Family Suite
39637748,Family Grand Deluxe Suite
39637908,Deluxe Rooms
39637908,Executive Rooms
39637908,Deluxe Suites
39637908,Executive Suites
39637908,Grand Suites
39637908,Chairman Suites
39637908,Presidential Suite
39637908,Deluxe Lake View Room
39637908,Deluxe Lake Guest Room
39637908,Balcony Rooms
39638226,"Superior Room with 1 double bed, Garden side"
39638226,"Superior Room with 2 single beds, Garden side"
39638226,"Superior Room with 1 double bed, River side"
39638226,"Superior Room with 2 single beds, River side"
39638226,"Deluxe Suite with 1 double bed, Garden side"
39638226,"Junior Suite with 1 double bed, Garden side"
39638226,"Junior Suite with 1 double bed, Pool side"
39638226,"Deluxe Suite with cozy sitout, private verandah and scenic river view"
39638226,"Villa Room with Twin beds, cosy sitout area with garden views"
39638226,"Villa Room with double bed, cosy sitout area with garden and scenic river views"
39638242,Superior Room
39638242,Deluxe Room
39638242,Grand Deluxe Room
39638242,Deluxe Suite Room
39638242,Deluxe Suite City View
39638974,Deluxe Room
39638974,Deluxe Pool Access
39638974,Mini Suite
39638974,Junior Suite Pool Access
39638974,Executive Suite
39638974,Presidential Suite Seaview
39639225,Superior Harbour View Room
39639225,Grand Deluxe Harbour View Room
39639225,Premier Harbour View Room
39639225,Premier Harbour View Quad Room
39639225,Executive Harbour View Suite
39640087,Standard Room
39640087,Classic Room
39640087,Superior Room
39640087,Signature Room
39640087,Deluxe Room
39640087,Legacy Room
39640087,Standard Family Room
39640087,Superior Family Room
39640087,Captain's Room
39640087,Captain's Room with Balcony
39640087,Officer's Suite
39640087,Captain's Suite
39640087,Duplex Suite
39640087,Royal Suite
39640128,Standard Room with one queen size bed
39640128,Standard Twin Room
39640128,1 Single Bed Accessible Room
39640128,Triple Room/Family Room
39640128,Standard Room with 3 Single Beds
39641343,Tamil Nadu Suite
39641343,Washington Suite
39641343,Presidential Suite
39641594,1 Queen Bed
39641594,1 King Bed
39641594,1 King Bed Commodore Lounge Access
39641594,2 Double Beds
39641594,1 King Bed Deluxe
39641594,2 Double Beds Deluxe
39641594,"1 King Bed, City View"
39641594,"2 Double Beds, City View"
39641594,Accessible | 1 King Bed with Tub
39641594,Accessible | 1 King Bed with Roll-in Shower
39641594,Accessible | 1 Queen Bed with Tub
39641594,Junior Suite
39641594,Corner Suite
39641594,1 Bedroom Suite
39641594,1 Bedroom Suite with City View
39641594,2 Bedroom Suite with City View
39641594,Premier Suite
39641594,Presidential Suite
39641898,Deluxe City View
39641898,Deluxe Sea View
39641898,Deluxe Harbour View
39641898,Grand Deluxe Harbour View
39641898,Grand Deluxe Corner Sea View
39641898,One Bedroom Ocean Suite
39642024,Deluxe Room
39642024,Suite Room
39642024,Executive Suite Room
39643302,Superior Twin Room
39643302,Superior King Room
39643302,Deluxe Twin Room
39643302,Deluxe King Room
39643302,Executive Room
39644287,Deluxe Rooms
39644287,Theme Suites
39644287,Executive Suites
39644457,Premier Room
39644457,Valley View Premier Room
39644457,Privilege Suite
39644457,Indulge Suite
39644457,Valley View Privilege Suite
39644457,Valley View Indulge Suite
39644457,2 Bed Room Family Suite With Balcony
39644457,2 Bed Room Family suite With Valley View And Balcony
39644457,Room Assigned On Arrival
39644457,Nilgiri Rail Private Pool Suites
39644457,Studio Compact
39644457,1 Bedroom Regular
39644457,2 Bedroom Twin
39645332,Keys Indulge Room
39645332,Keys Room
39646728,Standard Queen Room
39646728,Standard Twin Room
39646728,Superior Queen Room - 30% discount on F&B
39646728,Superior Twin Room - 30% discount on F&B
39647059,Deluxe Room
39647059,Grand Deluxe Room
39647059,Club Room
39647059,Deluxe Suite
39647059,Club Suite
39647059,Senator Suite
39647059,Presidential Suite
39647059,Royal Suite
39647974,Classic Room with Balcony
39647974,Garden View Premier Room
39647974,Indulge Room with Balcony
39647974,Privilege Suite with Balcony
39647974,Room Assigned on Arrival
39647974,Guest Room
39647974,Studio Compact
39647974,1 Bedroom Regular
39649230,Superior Room King Size Bed
39649230,Superior Room 2 Single bed
39649230,Executive King Room with complimentary cocktail hours 1800 - 2000 Hrs.
39649230,Executive Room with 2 Single beds complimentary cocktail hours 1800 - 2000 Hrs.
39649230,"Superior Room with 1 king bed, City view"
39649230,"Superior Room with 2 single beds, City view"
39649230,Executive King room with City view COMPLIMENTARY COCKTAIL HOURS 1800 - 2000 HRS
39649230,Executive Room 2 Single beds City view COMPLIMENTARY COCKTAIL HOURS 1800 - 2000 HRS
39649230,Superior Suite with complimentary cocktail hours 1800 - 2000 Hrs.
39649230,Executive City View Suite with complimentary cocktail hours 1800 - 2000 Hrs.
39649335,Classic Room Twin Bed No View
39649335,Classic Room Twin Bed City View
39649335,Classic Room Twin Bed Partial Haram View
39649335,Classic Room Triple Bed Partial Haram View
39649335,Classic Room Twin Partial Kaaba View
39649335,Classic room Triple beds Partial Kaaba view
39649335,Premier Room Twin Bed kaaba View
39649335,Premier Room Triple Beds kaaba View
39649335,Executive 2 bedroom Suite Partial Haram
39649335,Classic Room Quad Bed City View
39649335,Classic Room Quad Bed No View
39649335,Classic Room Quad Bed Partial Haram View
39649335,Classic Room Quad Partial Kaaba View
39649335,Classic Room Triple Bed City View
39649335,Premier Room King Bed Kaaba View
39649335,Classic Room King Bed Partial Haram View
39649335,Classic Room King Bed City View
39649335,Classic Room King Bed No View
39649335,Classic Room King Bed Partial Kaaba View
39649335,Junior Suite No view
39649335,Junior Suite City View
39649335,Junior Suite Partial Haram View
39649335,Junior Suite Partial Kaaba View
39649335,Junior Suite Kaaba View
39649335,Family Suite No View
39649335,Executive 2 bedroom Suit King Bed No View
39649335,Family Suite Partial Haram
39649335,Executive 2 bedroom Suit King Bed City View
39649446,Mercury City King Bed (Non-smoking) Room
39649446,Mercury City Twin Bed (Non-smoking) Room
39649446,Earth Lagoon Facing Guest Room
39649446,Earth Lagoon Twin Bed
39649446,Mercury Lagoon Facing Guest Room
39649446,Venus Premier Room
39649446,Club Lagoon Facing Guest Room
39649446,Uranus City (Non-smoking) Suite
39649446,Venus Premier Suites
39649446,Uranus Premier Suite
39649446,Neptune City (Non-smoking) Suite
39649446,Neptune Premier Suite ( Lagoon Facing )
39649446,Saturn Presidential Suite
39649536,Private Pool Villa
39649536,Terrace Suite
39649536,Junior Suite
39649536,Superior Room
39649536,Loft Room with Balcony
39651422,Superior Room King Size Bed with WIFI
39651422,Superior Room Twin Size Bed with WIFI
39651422,"Premier Room King Size Bed, Premier Lounge Access, 15% OFF on Food & Soft Drinks"
39651422,"Premier Room Twin Beds, Premier Lounge Access, 15% OFF on Food & Soft Drinks"
39651422,"Suite, Premier Lounge Access, Airport transfers, laundry, 15 Pct OFF on Food & Soft Beverage"
39651422,Presidential Suite
39651422,"Studio Apartment with Kitchenette, Premium WiFi, 15% OFF on Food & Soft Beverage"
39651422,"1 Bedroom Apartment with Kitchen, Premium WiFi, 15% off on Food & Soft Beverage"
39651461,Room Double Classic
39651461,Room Twin Classic
39651461,Room Junior Suite
39651461,Room Double Privilege
39651461,Room Double Privilege with Single Sofabed
39651461,Room Double Privilege with Double Sofabed
39651461,Room Twin Privilege
39651461,Room Twin Privilege with Single Sofa bed
39652032,Deluxe Studio
39652032,Deluxe Sea View
39652032,Premium Deluxe Ocean Facing
39652032,Grand Deluxe Sea View
39652032,Grand Deluxe Honeymoon
39652032,Premium Deluxe Family with Bunk Bed
39652032,Grand Deluxe Two Bedroom Family Suite
39652032,One Bed Room Pool Villa
39652032,Two Bed Room Pool Villa
39652032,Three Bed Room Pool Villa
39652167,Villa 3 bedroom Garden Villa with Private Pool
39652167,Villa 3 Bedroom Ocean Villa With Private Pool
39652167,Villa 4 bedrooms Ocean Villa with Private Pool
39652167,Villa 3 Bedroom Beachfront Villa With Private Pool
39652167,Villa 3 Bedroom Eden Retreat Pool Villa - Spa Inclusive
39652167,Villa 4 Bedroom On The Rock Pool Villa
39652167,Villa 5 Bedroom Water Retreat Pool Villa
39652167,Villa 5 BEDROOM PRESIDENTIAL RETREAT POOL VILLA
39652182,King Premier Guest Room
39652182,Twin/Twin Terrace Guest Room
39652182,Twin/Twin Deluxe Guest Room
39652182,Twin/Twin Premium Guest Room
39652182,King Deluxe Guest Room
39652182,King Terrace Guest Room
39652182,Junior Suite
39652182,Executive Suite
39652182,Executive King Suite
39653099,Modern Luxury Room
39653099,Imperial Room
39653099,Hospitality Suites
39653213,One Bedroom River Suite
39653213,Two Bedroom Mahaweli Suite
39653572,Room Double Standard room with a queen-size bed
39653572,Room Double Executive room with a queen-size bed
39653572,Room Triple Executive room with a queen-size bed and single sofa bed
39653572,Room Quadruple Executive room with a queen-size bed and double sofa bed
39653572,Room Double Executive room with a queen-size bed and terrace
39653572,Suite Suite with king-size bed and lounge
39653760,Premium Pool Villa
39653760,Pool Deluxe Villa
39653760,Premium Balcony Room
39653760,Deluxe Patio King Room
39653760,Deluxe King Room
39653760,Azaya Suite
39653760,Deluxe Patio Twin
39653760,Deluxe Room Twin
39653760,Premiere Room Twin
39653879,Deluxe
39653879,Grand Deluxe
39653879,Grand Deluxe Skyline View
39653879,Premier
39653879,Club Premier
39653879,Club One Bedroom Corner Suite
39653879,Club One Bedroom Executive Suite
39653879,Club Two Bedroom Corner Suite
39653879,Club Two Bedroom Executive Suite
39654197,Room Superior Room with queen-size bed and single sofa bed
39654197,Room Executive Room - Queen-size bed - View of the Eiffel Tower
39654197,Room Superior Room with queen-size bed and double sofa bed
39654197,Suite Suite with queen-size bed and double sofa bed
39654310,Standard Queen Room
39654310,Standard Twin Room
39654310,Superior Queen Room - 30% discount on F&B
39654310,Superior Twin Room - 30% discount on F&B
39654310,Japanese Premier Room
39654310,Accessible room
39654402,Deluxe King Room
39654402,Deluxe Twin Room
39654402,Superior King Room
39654402,Superior Twin Room
39654402,Premium King Room
39654402,Luxury Suite Room
39654402,Premium Luxury Suite Room
39654634,Luxury Room
39654634,Luxury Suite
39654903,Grande Room
39654903,Premium Grande Room
39654903,Studio Room
39654903,Grand Suite Room
39654903,Premium Suite Room
39655332,Palace Suite
39655332,Princess Suite
39655332,Maharani Suite
39655332,Maharana Suite
39655332,Deluxe Room Valley View
39655332,Deluxe Room Lake View
39655518,Deluxe King Room with Balcony
39655518,Deluxe Twin Room with Balcony
39655518,Deluxe Plus King Room with Balcony
39655518,Deluxe Plus Twin Room with Balcony
39655518,Corner Suite
39655518,Plus Suite
39655518,Amaranth Suite Room
39656053,Classic Rooms
39656053,Supreme Rooms
39656053,Metro Suites
39656538,Presidential Suite at The Leela Palace Chennai
39656538,Chairman Suite
39656538,Royal Suite - 2 Bedrooms
39656538,Royal Suite - 1 Bedroom
39656538,Premier Suite
39656538,Executive Suite at The Leela Palace Chennai
39656538,Premier Club Room
39656538,Royal Club Sea View Room
39656538,Royal Club Room at The Leela Palace Chennai
39656538,Grand Palace Sea View Room
39656538,Grand Palace Pool View Room
39656538,Grand Palace Room
39657002,Standard Garden View
39657002,Deluxe Garden View
39657002,Deluxe Sea View
39657002,Deluxe Pool Access
39657310,AQUA Terrace Premium Twin
39657310,Double room
39657310,Pool View Twin room
39657310,Twin room
39657310,AQUA Terrace Premium Suite
39657310,Single room
39658270,Deco Room
39658270,Imperial Room
39658270,Heritage Room
39658270,Grand Heritage Room
39658270,Heritage Suite
39658270,Deco Suite
39658270,Viceroy Suite
39658270,Luxury Suite
39658270,The Imperial Suite
39658270,Accessible Room
39658370,Junior Suite with extra-large bed
39658370,Junior Suite with 2 beds
39658370,Single Junior Suite with extra-large bed
39658370,Triple room
39658431,Deluxe Rooms
39658431,Superior Room
39658431,Classic Rooms
39658431,Suites
39658481,Superior Room with 1 double bed
39658481,Superior Room with 2 single beds
39658481,Deluxe Room with 1 double bed
39658481,Deluxe Room with 2 single beds
39658481,Premier Floor Room with 1 double bed
39658481,Premier Suite with 1 king bed
39658705,Deluxe Sea View Room
39658705,Executive Marina View Room
39658705,Horizon Club Marina View Room
39658705,Horizon Club City View Room
39658705,Horizon Club Suite
39658705,Executive City View Suite
39658705,One Bedroom Suite
39658705,Royal Suite
39658762,Superior Room
39658762,Deluxe Room
39658762,Deluxe Outdoor Jacuzzi Room
39658762,Grand Deluxe Outdoor Jacuzzi Room
39658762,Family Room
39659045,Deluxe Room (Double & Twin)
39659045,Executive Room
39659045,Suite Room
39659095,EXECUTIVE ROOM
39659095,GOLD CLUB ROOM
39659095,SUPERIOR ROOM
39659116,Deluxe Tower Wing Room
39659116,Executive Tower Wing Room
39659116,Garden View Executive Room
39659116,Premium Heritage Villa
39659116,Premium Lake View Room
39659116,Studio Suite
39659116,Family Duplex
39659116,VB Suite
39659257,Room Superior King Bed
39659257,Room Superior Twin Beds
39659257,Room Superior King Bed with Pool View
39659257,Room Superior Twin Beds with Pool View
39659257,Room Premier King Bed with Lounge Access - Happy Hours 6:30 PM to 8:30 PM
39659257,Room Premier Twin Beds with Lounge Access - Happy Hours 6:30 PM to 8:30 PM
39659257,Room Premier King Bed with Pool View and Lounge Access - Happy Hours 6:30 PM to 8:30 PM
39659257,Room Premier Twin Beds with Pool View and Lounge Access - Happy Hours 6:30 PM to 8:30 PM
39659257,Suite Junior Suite with Lounge Access - Happy Hours 6:30 PM to 8:30 PM
39659257,Suite Superior Suite with Pool view and Lounge Access - Happy Hours 6:30 PM to 8:30 PM
39659257,"Suite Deluxe Suite with Pool View, Balcony and Lounge Access - Happy Hours 6:30 PM to 8:30 PM"
39659257,"Suite Executive Suite with Pool View, Balcony and Lounge Access - Happy Hours 6:30 PM to 8:30 PM"
39659257,Suite Presidential Suite with two Bedrooms
39659257,Suite Royal Suite with Balcony and two Bedrooms
39659317,Room Standard 1 Queen Bed
39659317,Room Standard 2 Single Beds
39659317,Room Standard 1 Queen Bed Poolside
39659317,Room Standard 2 Single Beds Poolside
39659317,Room Executive Premier Floor 1 Queen Bed
39659317,Room Executive Premier Floor 2 Single Beds
39659317,Room Executive Premier Floor 1 Queen Bed Poolside
39659317,Suite Junior Suite with 1 Queen Bed
39659400,Deluxe Aravalli View Room
39659400,Deluxe Garden View Room
39659400,Deluxe Pool View Room
39659594,Sapphire Room
39659594,Supremo Room
39659594,Solitaire Gold Room
39659594,Senate Suite
39659599,Superior Rooms
39659599,Superior Atrium Facing
39659599,Studio Rooms
39659599,One Bedroom Suites
39659599,Two Bedroom Suite
39659599,Duplex Suite
39659599,Presidential Suite
39659691,1/2 Studio Suite
39659691,One Bedroom Suite
39659691,Two Bedroom Suite
39659961,Deluxe Garden View
39659961,Deluxe Ocean View
39659961,Premium Deluxe Garden View
39659961,Deluxe Spa Bath Garden View
39659961,Deluxe Spa Bath Ocean View
39659961,Premier Whirlpool Garden View
39659961,Deluxe Suite Private Pool
39659961,Premier Suite Private Pool Club
39659961,Villa One Bedroom Private Pool
39659961,Villa Two Bedroom Private Pool
39659961,Royal Villa
39659999,AC Jungle Room with Balcony
39659999,AC Jungle Cottage with Balcony
39660447,SUPERIOR ROOM KING BED
39660447,SUPERIOR ROOM TWIN BED
39660447,FAMILY ROOM WITH 1 KING BED
39660447,STUDIO ROOM WITH KITCHENETTE WITH 1 KING BED
39660447,SUPERIOR CLUB ROOM WITH 1 KING BED - LOUNGE ACCESS WITH COCKTAIL HOURS
39660447,DELUXE CLUB ROOM WITH 1 KING BED - LOUNGE ACCESS WITH COCKTAIL HOURS
39660447,SUPERIOR SUITE WITH 1 KING BED - LOUNGE ACCESS WITH COCKTAIL HOURS & ONE WAY AIRPORT TRANSFER
39660447,DELUXE SUITE WITH 1 KING BED - LOUNGE ACCESS WITH COCKTAIL HOURS & ONE WAY AIRPORT TRANSFER
39660447,PRESIDENTIAL SUITE WITH 1 KING BED - LOUNGE ACCESS WITH COCKTAIL HOURS & ONE WAY AIRPORT TRANSFER
39660552,Deluxe Room
39660552,Premier Room
39660552,Premier Pool Access Room
39660552,Family Room
39660552,Deluxe Suite
39660762,Standard Room
39660762,Deluxe Room
39660762,Prestige Junior Suite
39660762,Deluxe Junior Suite Canal View
39660762,Premier Junior Suite Canal View
39660768,Luxury Rooms
39660768,Premium Rooms
39660768,Suite
39660768,Villas (Budget)
39660799,Deluxe Room
39660799,Super Deluxe Room
39660799,Premium Room
39660799,Suite
39661417,Japanese-style Twin Room
39661417,Family Room with Mountain View
39661417,Superior Room with Tatami Area
39661417,Moderate Japanese-Style Room
39661417,Moderate Twin Room
39661417,Moderate Twin Room with Mt.Fuji View
39661417,Moderate Japanese-Style Room with Garden View
39661417,Junior suite room with View
39661417,Suite Room with Tatami Area
39661417,Suite Room on Top Floor
39661417,Suite Room on Top Floor with Mt.Fuji View
39664353,Premium Lagoon Access Room
39664353,Premier Lagoon Access Room
39664353,Ocean View Suite
39664353,Superior Ocean View Balcony Room
39664353,Beach Access Pool Suite
39664353,Beach View Suite
39664353,Premium Beach Access Pool Suite
39664594,Luxury Room
39664594,Luxury Quadruple Room
39664594,Executive Room
39664594,Premier Room
39664594,Premier Family Bunk Bed
39664594,Premier Family Room
39664635,Executive Suite
39664635,Deluxe Room
39664635,Superior Room
39664635,Universally Accessible Room
39665200,The Alena Deluxe Room
39665200,The Alena Super Deluxe
39665200,Luxury Suite Room
39665200,Classic Private Pool Villa
39665200,Luxury Private Pool Villa
39665200,Luxury Royal One-Bedroom Private Pool Villa with Jacuzzi
39665200,Family Suite Garden View
39665347,Standard Room with 1 kingsize bed
39665347,Standard Room with 2 single beds
39665347,Deluxe Room with 1 kingsize bed
39665347,Deluxe Room with 2 single beds
39665347,Superior Room with 1 double bed and 1 single bed
39665347,Premium Room with 1 double bed and 2 single beds
39665347,Junior Suite with 1 kingsize bed
39665347,Executive Suite with 1 kingsize bed and sofa
39665356,Garden Deluxe Balcony
39665356,Garden Pool Villa
39665356,Garden Two Bedroom Family & Friends Suite
39665356,Garden Two Bedroom Family & Friends Grand Villa
39665356,Oceanfront Garden Pool Suite
39665356,Oceanfront Balcony Pool Suite
39665356,Oceanfront SALA Pool Villa
39665356,Oceanfront One Bedroom Pool Suite
39665356,SALA Signature Villa
39665358,Deluxe Room
39665358,Deluxe Twin Room
39665358,Premium Room
39665358,Premium Twin Room
39665358,Panorama Room
39665358,Junior Suite
39665358,One Bedroom Deluxe Suite
39665358,One Bedroom Premium Suite
39665358,Two Bedroom Premium Suite
39665358,One Bedroom Senior Suite
39665358,Two Bedroom Panorama Suite
39665358,Three Bedroom Deluxe Suite
39665358,Three Bedroom Panorama Suite
39665358,Four Bedroom Panorama Suite
39665358,Four Bedroom Penthouse
39665923,5 Bedroom Penthouse Suite - 360 Panoramic Sea and Burj Views - Top Floor (72nd)
39665923,Deluxe Room
39665923,Superior Sheikh Zayed View
39665923,Superior Burj Khalifa View
39665923,One Bedroom Standard Suite
39665923,One Bedroom Premium King
39665923,Two Bedroom Suite
39666346,Classic Rooms
39666346,Classic Pool View Rooms
39666346,Classic Mountain View Rooms
39666346,Classic Pool Access Rooms
39666346,Premium Club Lounge Access Pool View
39666346,Premium Club Lounge Access Ocean View
39666346,Beachside Suite Ocean View Club Lounge Access
39666346,1 Bedroom Villa Private Pool Club Lounge Access
39666346,2 Bedroom Villa Private Pool Club Lounge Access
39666346,3 Bedroom Villa Private Pool Club Lounge Access
39666476,DELUXE ROOM
39666476,DELUXE POOL ACCES
39666476,JUNIOR SUITE POOL ACCESS
39666476,FAMILY POOL ACCESS
39666476,Mountain POOL VILLA
39666476,EXCLUSIVE POOL VILLA
39666476,FAMILY POOL VILLA
39666905,Elite Room
39666905,Elegant Room
39666905,Twin Bed Room
39666905,Suite Room
39666905,Family Suite Room
39667136,Pavilion Room with Twin Bed
39667136,Pavilion Room with King Bed
39667136,Grace Room
39667136,Suite Room without Bathtub
39667136,Suite Room with Bathtub
39667351,Standard Room
39667351,Double Room
39667351,Suite Room
39667533,Standard Room
39667533,Deluxe Room
39667533,Junior Suite Ocean View
39667533,Family Suite With Balcony
39667533,Deluxe Suite Ocean View
39667533,Two bedroom Family Suite
39667533,King Suite Ocean View
39668074,Superior Double or Twin Room
39668074,Deluxe Double or Twin Room with Window
39668074,Family Room
39669427,Standard Double Room
39669427,Standard Twin Room
39669427,Family Room
39669499,Platinum Room
39669499,Gold Room
39671487,Luxury Room City View King Bed
39671487,Luxury Room City View Twin Bed
39671487,Luxury Burj View Room King Bed
39671487,Luxury Burj View Room Twin Bed
39671487,Luxury Family City View Room King Bed
39671487,Luxury Family City View Room Twin Bed
39671487,Taj Club Room King Bed
39671487,Taj Club Room Twin Bed
39671487,Junior Suite City View
39671487,Luxury Junior Suite City View
39671487,Luxury Burj View Suite
39671487,Grand Luxury Burj View Suite
39671487,Maharaja Suite
39671487,Presidential Suite
39671506,Garden View Room
39671506,Specially-abled Room
39671506,Golf Course View Room
39671506,Superior Room
39671506,Deluxe Room King Bed
39671506,Deluxe Room Twin Bed
39671506,Deluxe Pool View Room King Bed
39671506,Deluxe Pool View Room Twin Bed
39671506,Ground Floor - Ocean Front View Room
39671506,First Floor - Ocean Front View Room
39671506,Deluxe Suite
39671506,2 Bedroom Garden Villa
39671506,2 Bedroom Family Ocean View Villa
39671506,2 Bedroom Presidential Villa
39671512,Superior Room King Bed
39671512,Superior Room Twin Bed
39671512,Deluxe Room King Bed
39671512,Deluxe Room Twin Bed
39671512,Premium Room
39671512,Premium Room with Balcony
39671512,Executive Suite
39671512,Premium Suite
39671512,SeleQtions Suite
39671512,Pawcations Room
39671661,Standard Room
39671661,Superior Room
39671661,Deluxe Room
39671661,Deluxe Room with Balcony
39671661,Premium Room
39671661,Triple Room
39671661,Family Room with Sofa Bed
39671661,Premium Quadruple Room
39671661,Family Suite with Sofa Bed
39671683,Executive Suite
39671683,Executive King Room
39671683,Deluxe King Room
39671683,Superior King Room
39671683,Business Room
39671683,Universally Accessible Room
39671841,Royal Rooms
39671841,Elite Rooms
39671841,Luxury Suites
39671841,Presidential Suites
39671973,Bordeaux Room
39671973,Bordeaux Corner Room
39671973,Bordeaux Premium Corner Room
39671973,Bordeaux Pool View Room
39671973,Bordeaux Eiffel View Room
39671973,Bordeaux Attraction View Room
39671973,Bordeaux South Strip View Room
39671973,Bordeaux Fountain View Room
39671973,Bordeaux Lemans Suite
39671973,Bordeaux Giverny Suite
39671973,Bordeaux Calais Suite
39671973,Bordeaux Imperial Suite
39671973,Bordeaux Executive Suite
39671973,Bordeaux Charlemagne Suite
39671973,Bordeaux Lyon Suite
39671973,Bordeaux Nice Suite
39671973,Bordeaux Premium Suite
39671973,Bordeaux St. Tropez Suite
39671973,Bordeaux Picardy Suite
39671973,Bordeaux Marseille Suite
39671973,Bordeaux Louis XV Suite
39671973,Bordeaux Empire Suite
39671973,Bordeaux Napoleon Suite
39671973,Versailles Pool View Room
39671973,Versailles Room | 1 King | Connector
39671973,Versailles Strip View Room
39671973,Versailles Balcony Room
39671973,Versailles Studio Suite
39671973,Versailles Executive Suite
39671973,Versailles Premium Suite
39671973,Versailles Premium Suite | 1 King | Pool Table
39671973,Room Type Assigned on Arrival
39671983,"Superior Room, 1 King size Bed, City View"
39671983,"Superior Room, 2 Single size Beds, City View"
39671983,"Suite, 1 King size bed, City view, Lounge access"
39671983,"Deluxe Room, 1 King size Bed, City View"
39671983,"Deluxe Room, 2 Single size Beds, City View"
39671983,"Executive Apartment, 1 King size bed, City view"
39671983,"Executive Apartment, 1 King size bed and 1 sofa, City view, Lounge access"
39671983,"Executive Apartment, 2 Single size beds and 1 sofa, City view, Lounge access"
39671991,Superior Room with 1 king size bed
39671991,Superior Room with 2 single beds
39671991,"Premier Room -Higher floor, city view with lounge access - Happy Hours from 6 to 8 pm."
39671991,Premier Room - Higher Floor City View
39671991,LUXURY SUITE WITH ONE WAY AIRPORT TRANSFER - SEPARATE LIVING ROOM & BATH TUB
39672110,"CLASSIC ROOM, 1 Queen Bed"
39672110,"SUPERIOR ROOM, 1 King Bed"
39672110,"SUPERIOR ROOM, 2 Single Beds"
39672110,"DELUXE SUPERIOR ROOM, 1 King Bed, High Floor"
39672110,"DELUXE SUPERIOR ROOM, 2 Single Beds, High Floor"
39672110,"PREMIER ROOM, 1 King Bed, Orchard-Paragon View"
39672110,"PREMIER ROOM, 2 Single Beds, Orchard-Paragon View"
39672110,"DELUXE PREMIER ROOM, 1 King Bed, High Floor, Orchard-Paragon View"
39672110,"DELUXE PREMIER ROOM, 2 Single Beds, High Floor, Orchard-Paragon View"
39672110,"CLUB RESIDENCE, 1 King Bed"
39672110,"PULLMAN SUITE, 1 King Bed"
39672110,"DELUXE SUITE, 1 King Bed, Orchard Road View"
39672110,"PRESIDENTIAL SUITE, 1 King Bed, 1 Queen Bed, Orchard Road View"
39672266,Standard Queen Room with Pool View
39672266,Standard Twin Room with Pool View
39672266,Superior Queen Pool view Room with 30% discount on F&B
39672266,Superior Twin Pool view Room with 30% discount on F&B
39672292,Deluxe Rooms
39672292,Premium Rooms
39672391,Standard Twin Room
39672391,Deluxe Twin Room
39672391,Deluxe Corner West Room
39672391,Triple Room
39672391,Premium Comfort Double Room
39672391,Junior Suite
39672391,Superior double room
39672391,Superior Double Room with Balcony
39672391,Superior Junior Suite
39672391,South Panorama Juniorsuite
39672641,Grand Suite
39672641,Executive Room
39672641,Family Suite
39672712,Trident Suite
39672712,Executive Suites
39672712,"Deluxe Suites, Ocean View"
39672712,"Trident Special Suites, Ocean View"
39672712,Presidential Suite
39672712,Premier City View Rooms
39672712,Executive City View Room
39672712,Premier Ocean View Rooms
39672712,Executive Ocean View Rooms
39672712,Executive Harbour Room
39672712,Trident Club Room Ocean View
39672712,Trident Club Room Harbour View
39673406,Superior Room
39673406,Family Suite
39673472,Standard Room King Bed with Balcony
39673472,"Standard Room, 2 Single beds with balcony"
39673472,"Standard Room, 1 King Bed"
39673472,"Superior Suite, 1 King Bed, with Balcony"
39673472,"Superior Suite, 2 King Beds, with Balcony"
39673472,"Junior Suite, 1 King Bed"
39673472,Family Room 2 Bedrooms
39673472,Apartment 2 Bedroom
39673472,Apartment 2 Bedroom with Private Pool
39673472,Apartment 3 Bedrooms
39673472,Penthouse 2 Bedrooms with Private Pool
39673472,Apartment 3 Bedrooms with Private Pool
39673472,Garden Villa 3 Bedrooms with Private Pool
39673555,Seminyak King Suite with Balcony
39673555,Seminyak Pool King Suite with Balcony
39673555,Seminyak Ocean King Suite with Balcony
39673637,Superior Room with 1 king-size bed
39673637,Superior Room with 2 single beds
39673637,"Superior room with 1 king size bed, garden access"
39673637,Premier Room with 1 king-size bed
39673637,"Premier room with 1 king size bed, garden access"
39673637,Premier Room with 2 single beds
39673637,Family Room with 1 king-size bed and 1 single bed
39673637,Palace Club Room with 1 king-size bed
39673637,Palace Club Room with 2 single beds
39673637,Family Room with 1 king-size bed and 1 bunk bed
39673637,Family Room with 1 king-size bed and 2 single beds
39673637,"Palace Club Room with 1 king-size bed, Lagoon Access"
39673637,"Palace Club Room with 2 single beds, Lagoon Access"
39673637,Palace Club Suite with 1 king-size bed
39673637,Palace Club Suite with 2 single beds
39673637,"Palace Club Suite with 1 king-size bed, Lagoon Access"
39673637,Batur Suite with 1 king-size bed and 2 single beds
39673637,Agung Suite with 1 king-size bed and 2 single beds
39673637,Nusa Lembongan Suite with 2 king-size beds and 2 single beds
39673637,Nusa Dua Suite with 2 king-size beds
39673637,The Royal Residence Suite with 2 king-size beds
39673770,Deluxe Suite 2 Double
39673770,Suite 1 King Suite Corner Room
39673770,1 King Suite
39673770,2 Double Grand
39673770,1 King Grand
39673770,2 Double Premium Separate Bath
39673770,1 King Premium Separate Bath
39673770,2 Double Standard
39673770,1 King Standard Sofa Bed
39673770,2 Single Standard
39673770,1 King Standard
39673770,2 Single Cosy
39673770,1 Queen Cosy
39673770,1 Queen Standard Accessible
39673770,2 Single Standard Accessible
39676486,Standard Room Queen Bed
39676486,Standard Room Twin Bed
39676486,Superior Queen Room - Pool View with 30% discount on F&B
39676486,Superior Twin Room - Pool View with 30% discount on F&B
39676486,Deluxe Queen Room - Complimentary One-Way Airport Transfer
39676486,Deluxe Twin Room with One-Way Complimentary Airport Transfer
39676979,Deluxe Premium Room
39676979,Deluxe Premium Sea Facing Room
39676979,Family Room
39676979,Club Deluxe Premium Room
39676979,Club Premium Sea Facing Room
39676979,Club One Bedroom Sea Facing Suite
39676979,Club One Bedroom Suite
39676979,Club One Bedroom Suite with Plunge Pool
39676979,Club Two Bedroom Suite
39676979,Club Two Bedroom Suite with Plunge Pool
39677991,Executive Rooms
39677991,Premium Rooms
39677991,Junior Suites
39677991,Villas
39677991,Presidential Cottage Suite
39678360,Standard with two separate beds
39678360,Standard room with large bed
39678360,Suite
39678421,Garden View Room
39678421,Deluxe room
39678421,Pallava Suite
39678421,Queen Suite
39678421,Sea View Villa
39679386,Deluxe Room
39679386,Executive Room
39679386,Club Room
39679386,Regal Room
39679386,Suites
39679399,Deluxe Room with Balcony
39679399,Signature Studio
39679399,Family Room with Balcony
39679399,Executive Club Room
39679399,Signature Club Room
39679399,Executive Family Club Room
39679399,Executive Suite
39680193,Luxury Suite
39680193,Deluxe Suite with Balcony
39680193,Deluxe Suite
39680193,Premier Room with Balcony
39680193,Premier Room
39681504,Tower Wing Deluxe Room
39681504,Deluxe Family Room
39681504,Horizon Club Deluxe Room
39681504,Horizon Club Business Room
39681504,Horizon Club Junior Suite
39681504,Tower Wing One-Bedroom Suite
39681504,Castle Themed Family Suite
39681504,Safari Themed Family Suite
39681504,Underwater Themed Family Suite
39681504,Treetop Themed Family Suite
39681504,Space Themed Family Suite
39681504,Grand Suite
39681504,Two Tower Wing Deluxe Rooms Connecting
39681504,Garden Wing Deluxe City View Room
39681504,Garden Wing Deluxe Pool View Room
39681504,Questers Garden Wing Deluxe Family Terrace
39681504,Garden Wing One-Bedroom Suite
39681504,Garden Wing Premier Balcony Suite
39681504,Valley Wing Deluxe Room
39681504,Valley Wing Executive Room
39681504,Valley Wing 1-Bedroom Suite
39681504,Valley Wing Executive Suite
39681504,Valley Wing Deluxe Suite
39681504,Valley Wing Premier Suite
39681504,Singapore Suite [Newly Renovated]
39681504,Valley Wing Shangri-La Suite [Newly Renovated]
39681504,Two Valley Wing Deluxe Rooms Connecting
39681616,Beachside Cottage
39681616,Beachfront Cottage
39681616,Tropical Garden View
39681616,Lagoon Poolside with Bathtub
39681616,Lagoon Pool Access with Bathtub
39681616,Family Connecting Lagoon Poolside
39681616,Family Connecting Lagoon Pool Access
39681616,Hillside with Terrace Bathtub
39681616,Seaview Hillside with Terrace Bathtub
39681616,Family 1 Bedroom Hillside Suite with Terrace Bathtub
39681616,Family Seaview 2 Bedroom Hillside Suite with Terrace Bathtub
39682184,Superior Room with 1 kingsize bed
39682184,Superior Room with 2 single beds
39682184,"Executive Room, 1 King Size Bed, High Floor"
39682184,"Junior Suite, 1 King Size Bed"
39682184,"Executive Suite, Lounge Access, 1 King Size Bed"
39682184,"Duplex Suite, Lounge Access, 1 King Size Bed, High Floor"
39682255,"Deluxe Room, 1 King Size Bed"
39682255,"Deluxe Room, 2 Single Size Beds"
39682255,"Grand Deluxe Room, 1 King Size Bed"
39682255,"Executive Room, 1 King Size Bed"
39682255,"Superior Room, 1 King Size Bed"
39682255,"Superior Room, 2 Single Size Beds"
39682255,"Suite, 1 King Size Bed"
39682255,"Suite, 2 Single Size Beds"
39682255,"Executive Suite, 1 King Size Bed, Opera House View, Balcony"
39682255,"Junior Suite, 1 King Size Bed, Opera House View"
39682736,"CLASSIC ROOM, 1 king size bed, Balcony"
39682736,"CLASSIC ROOM, 2 single beds, Balcony"
39682736,"SUPERIOR ROOM, 1 king size bed, Balcony, Pool view"
39682736,"SUPERIOR ROOM, 2 single beds, Balcony, Pool view"
39682736,"DELUXE ROOM, 1 king size bed, Balcony, Sea view"
39682736,"DELUXE ROOM, 2 single beds, Balcony, Sea view"
39682736,"JUNIOR SUITE, 1 king size bed, Balcony"
39682736,"SUITE, 1 king size bed, Balcony, Sea view"
39682786,King Bed Classic Lake View
39682786,Twin Bed Classic Lake View
39682786,King Bed Classic InterContinental Lake View
39682786,Twin Bed Classic InterContinental Lake View
39682786,King Bed Classic City View
39682786,Twin Bed Classic City View
39682786,King Bed Classic Accessible City View
39682786,King Bed Classic InterContinental City View
39682786,Twin Bed Classic InterContinental City View
39682786,1 King Junior Suite City View
39682786,1 King Junior Suite Lake View
39682786,1 King 1 Bedroom Suite City View
39682786,2 King 2 Bedroom Presidential Suite
39682786,1 Bedroom Suite Overwater Residence
39682786,3 Bedroom Suite Overwater Residence
39683612,Beach Chalet
39683612,Jungle Chalet
39683633,Premium Family Suite
39683633,Premium Executive Room
39683633,Premium Deluxe Room
39683633,Premium Twin Room
39683633,Premium Double Room
39683633,Executive Suite
39683633,Family Suite
39683633,Deluxe Room
39683633,Standard Twin Room
39683633,Standard Double Room
39684174,Mint Room
39684174,Mint Den
39684174,Mint Suite
39684174,Mint Premier Room
39684174,Mint Premier Suite
39684174,Loft Apartment
39684174,Skyline Studio
39684174,Peony Villa
39684174,Lotus Villa
39684174,Jasmine Villa
39684174,Orchid Villa
39684174,"Calla Lily, The Presidential Villa"
39684174,Wisteria Villa
39684174,Camellia Villa
39684174,Dahlia Villa
39684653,Room Standard Room with double bed
39684653,Room Superior Room with 1 Queen Size Bed and sofa
39684653,Room Superior family room with 2 double size beds
39684653,"Room Executive Room with 1 double bed, accommodating up to 2 adults"
39684653,Suite Superior Suite with a double bed and sofa bed
39684676,Superior King Room With 1 Sofa-cum-bed
39684676,Superior Twin Room With 1 Sofa-cum-bed
39684676,Premium King Room with Cocktail Hours
39684676,Premium Twin Room with Cocktail Hours
39684676,Executive Room with Premium Lounge Access
39684676,Junior Suite with Premium Lounge Access
39684676,Deluxe Suite with Premium Lounge Access and Spa
39684760,Standard Room with 1 single bed
39684760,Standard Queen Room
39684760,Standard Twin Room
39684760,Standard Queen Room with Pool View
39684760,Standard Twin Room with Pool View
39684760,1 Double Bed and 1 Sofa Bed
39684760,Standard Triple Room with three single beds
39685173,Executive Twin Room
39685173,Deluxe Twin Room
39685173,Executive King Room
39685173,Deluxe King Room
39686041,Superior Room
39686041,Deluxe Room
39686041,Executive Deluxe Room
39686041,Family Suite
39686041,Executive Suite
39686189,French Room
39686189,Small Room
39686189,Standard Room
39686189,Mobility Accesible Room
39686189,Superior Room
39686189,Executive Room
39686189,Junior Suite
39686189,Suite
39686654,SUPERIOR KING ROOM
39686654,SUPERIOR TWIN ROOM
39686654,DELUXE CITY VIEW KING
39686654,DELUXE CITY VIEW TWIN
39686654,CLUB CITY VIEW KING
39686654,CLUB CITY VIEW TWIN
39686654,PREMIER CLUB CITY VIEW TWIN
39687403,Deluxe Room
39687403,Premium Room
39687403,Ruby Suite
39690418,Deluxe Room
39690418,Amnaya Pool Access
39690418,Amnaya Room Junior Suite
39690418,Amnaya Suite
39690592,Twin Room
39690592,Double Room
39690592,Family Room
39690592,Premier Plus Double Room
39690592,Accessible Room
39690777,Deluxe Room
39690777,Premier Room
39690777,Executive Club Room
39690777,Luxury Room
39690777,Business Suite
39690777,Corner Suite
39690777,Executive Suite
39690777,Luxury Suite
39690777,The LaLiT Legacy Suite
39690917,PREMIER COURTYARD ROOM
39690917,HERITAGE ROOM
39690917,QUAY ROOM
39690917,QUAY POOL VIEW ROOM
39690917,MARINA BAY VIEW ROOM
39690917,ESPLANADE ROOM
39690917,STRAITS CLUB COURTYARD ROOM
39690917,STRAITS CLUB HERITAGE ROOM
39690917,STRAITS CLUB QUAY ROOM
39690917,STRAITS CLUB MARINA BAY VIEW ROOM
39690917,PREMIER COLLYER SUITE
39690917,PALLADIAN SUITE
39690917,LOFT SUITE
39690917,FULLERTON SUITE
39690917,GOVERNOR SUITE
39690917,PRESIDENTIAL SUITE
39691020,Deluxe Room
39691020,Deluxe Plus Garden View
39691020,Deluxe Plus Ocean View
39691020,Deluxe Family Room
39691020,Deluxe Pool Access Family Room
39691020,Deluxe Pool Access
39691020,One Bedroom Suite Garden View
39691020,One Bedroom Suite Ocean View
39691020,Two Bedroom Suite
39691020,One Bedroom Villa
39691020,Two Bedroom Villa
39691428,Standard Room - Single room
39691428,Standard Room - Compact Double room
39691428,Standard Room - Double room
39691428,Superior Room - Single room
39691428,Superior Room - Double room
39691428,Executive Room
39691428,Junior Suite
39691428,Deluxe Suite
39691483,Royal Ocean View Villa with Pool
39691483,Luxury Ocean View Villa with Pool
39691483,Luxury Partial Ocean View Villa with Pool
39691483,Luxury Garden View Villa with Pool
39691483,Luxury Ocean View Villa
39691483,Luxury Garden View Villa
39691483,Ocean View Lanai
39691483,Partial Ocean View Lanai
39691483,Garden View Lanai
39691700,Classic Room
39691700,Grand Deluxe Balcony
39691700,Grand Premier with Pool Access
39691700,Premier Pool View
39691700,One Bedroom Suite
39691700,Two Bedroom Suite
39692000,Semi Detached Beach Villa
39692000,Beach Villa
39692000,Water Villa
39692000,Two Bedroom Beach Villa Suite
39692095,Three Bedroom Royal Ocean View Villa with Private Pool
39692095,Royal Ocean View Villa with Private Pool
39692095,Two Bedroom Presidential Ocean View Villa with Private Pool
39692095,Presidential Ocean View Villa with Private Pool
39692095,Two Bedroom Luxury Villa with Private Pool
39692095,Premier Ocean View Villa with Private Pool
39692095,Luxury Villa with Private Pool
39692095,Luxury Villa with Private Garden
39692095,Luxury Pavilion with Ocean View
39692095,Luxury Pavilion with Garden View
39693157,Executive Room
39693157,Corner Studio
39693157,Murphy Room
39693366,Standard Room
39693366,Superior Room
39693366,Superior Family Room
39693366,Deluxe Room
39693366,White Junior Suite
39693366,Junior Suite
39693366,Executive Suite
39693366,Presidential Suite
39693366,Royal Suite
39693441,Deluxe Double Room Seaview with Balcony
39693441,Deluxe Double Room City view + Balcony
39693441,Deluxe Family Room Seaview + Balcony
39693441,Deluxe Family Room City View + Balcony
39693441,Deluxe Quadruple Seaview + Balcony
39693441,Standard Double Room
39694221,Superior Room
39694221,Deluxe Room
39694221,Premier Room
39694221,Family Room
39694221,Suite
39695826,"CLASSIC PRESIDENTIAL SUITE, 1 Double Size Bed, 2 Single Size Beds, Haram View"
39695826,"DELUXE ROOM, 2 Single Size Beds, Haram Courtyard View"
39695826,"DELUXE PRESIDENTIAL SUITE, 1 Double Size Bed, 2 Single Size Beds, Haram View"
39695826,"CLASSIC ROOM, 2 Single Size Beds, City View"
39695826,"CLASSIC ROOM, 2 Single Size Beds, Haram View"
39695826,"DELUXE ROOM, 2 Single Size Beds, Haram View"
39695826,"CLASSIC PRESIDENTIAL SUITE, 1 Double Size Bed, 2 Single Size Beds, Partial Kaaba View"
39695826,"CLASSIC ROOM, 2 Single Size Beds, Partial Kaaba View"
39695826,"DELUXE PRESIDENTIAL SUITE, 1 Double Size Bed, 2 Single Size Beds, Partial Kaaba View"
39695826,"DELUXE ROOM, 2 Single Size Beds, Partial Kaaba View"
39695826,"CLASSIC ROOM, 3 Single Size Beds, City View"
39695826,"CLASSIC ROOM, 3 Single Size Beds, Haram View"
39695826,"CLASSIC ROOM, 4 Single Size Beds, City View"
39695826,"DELUXE JUNIOR SUITE, 2 Single Size Beds, City View"
39695826,"CLASSIC EXECUTIVE SUITE, 1 King Size Bed, 2 Single Size Beds, City View"
39695826,"CLASSIC EXECUTIVE SUITE, 1 King Size Bed, 2 Single Size Beds, Haram View"
39695826,"DELUXE EXECUTIVE SUITE, 1 King Size Bed, 2 Single Size Beds, Haram View"
39695826,"CLASSIC EXECUTIVE SUITE, 1 King Size Bed, 2 Single Size Beds, Partial Kaaba View"
39695826,"DELUXE EXECUTIVE SUITE, 1 King Size Bed, 2 Single Size Beds, Partial Kaaba View"
39695826,"CLASSIC PRESIDENTIAL SUITE, 1 Double Size Bed, 2 Single Size Beds, City View"
39695826,"DELUXE PRESIDENTIAL SUITE, 1 Double Size Bed, 2 Single Size Beds, City View"
39695826,"CLASSIC PRESIDENTIAL SUITE, 1 Double Size Bed, 2 Single Size Beds, Haram Courtyard View"
39695826,"DELUXE PRESIDENTIAL SUITE, 1 Double Size Bed, 2 Single Size Beds, Haram Courtyard View"
39695826,"DELUXE ROOM, 2 Single Size Beds, City View"
39695826,"CLASSIC ROOM, 2 Single Size Beds, Haram Courtyard View"
39695826,"CLASSIC JUNIOR SUITE, 2 Single Size Beds, City View"
39695826,"DELUXE EXECUTIVE SUITE, 1 King Size Bed, 2 Single Size Beds, City View"
39695882,Standard Room
39695882,Executive Room
39695882,Suite
39695882,Physically Challenged Room
39699850,MOKSHA SUITE
39699850,MOKSHA LUXURY SUITE
39699850,ROYAL SUITE
39699850,PRESIDENTIAL SUITE
39704914,Deluxe Rooms
39704914,Superior Rooms
39704914,Premium Rooms
39704914,Suites
39705293,Superior Rooms
39705293,Club Rooms
39705293,Junior Suite
39705293,Business Suite
39705974,Standard King Room
39705974,Standard Twin Room
39705974,Deluxe King Room
39705974,Deluxe Twin Room
39705974,Premium Deluxe Room
39705974,Royal Junior Suite
39705974,Maharaja One Bedroom Suite
39706037,Standard Room
39706037,Superior Room
39706037,Deluxe Room
39706097,Super Deluxe AC Room
39706097,Executive AC Room
39706097,Triple Bed AC Room
39706286,Duke's Chamber
39706286,Royal Dutch Suite with Private Terrace
39706369,Deluxe King Guest Room
39706369,Executive Suite
39706369,Junior Suite With Kitchenette
39706369,Presidential Suite
39708821,Deluxe King Room with Valley View
39708821,Executive King Room with Balcony and Valley View
39708821,Studio Twin with Valley View
39708821,Duplex King Suite with Valley View
39708821,Executive Suite with Balcony and Valley View
39708821,Superior King Room
39708821,Superior Twin Room
39709601,Premium Rooms
39709601,Deluxe Rooms
39709601,Executive Rooms
39709601,Junior Suites
39709601,Residential Suite
39710123,Superior Room
39710123,Deluxe Room
39710123,Studio Room
39710123,Junior Suite
39710123,Risata Suite
39710920,Deluxe Room
39710920,Club Room
39710920,Suite Room
39711361,Business Room
39711361,Deluxe Suite
39711361,Deluxe King Room
39711361,Deluxe Twin Room
39711361,Studio Room
39711361,Executive Room
39711361,Superior Room
39711361,Universally Accessible Room
39712071,Standard Room
39712071,Suite
39712076,Superior Room
39712076,Deluxe Room
39712076,Executive Seaview Room
39712076,Superior Family Combo Room
39712076,Executive Suite
39712076,Sands Adventure Suite
39712076,Two Superior Rooms Connecting
39712076,Two Deluxe Rooms Connecting
39712076,Two Executive Seaview Rooms Connecting
39712600,Suite Room
39712600,Junior Suite Room
39712600,Deluxe Room
39712600,One Bedroom Private Pool Villa
39712600,Two Bedroom Private Pool Villa
39713335,Standard Room
39713335,Family Room
39713335,Premium Room
39713335,Junior Suite
39713335,Suite
39713335,Suite Deluxe
39713834,Bay View Residential Suite
39713834,Luxury Residential Suite
39713834,Kohinoor Suite
39713834,Premier Bay View Suite
39713834,Premier Ocean View Suite
39713834,Deluxe Ocean View Suite
39713834,Ocean View Suite
39713834,Bay View Suite
39713834,Premier Ocean View Rooms
39713834,Luxury Bay View Rooms
39713834,Bay View Rooms
39714214,Executive Room
39714214,Executive King Room
39714214,Family Room
39714214,Executive Junior Suite
39714214,Executive Master Suite
39714214,Superior Room
39714214,Superior King Room
39714214,Superior Junior Suite
39714214,Superior Master Suite
39714214,Accessible Room
39714214,Premium Room
39714214,Premium King Room
39714214,Premium Family Room
39714214,Premium Courtyard Junior Suite
39714214,Premium Master Suite
39714222,Small Superior Room
39714222,Small Superior with Canal View
39714222,Small Superior Room with Balcony
39714222,Superior Room
39714222,Superior with Canal View
39714222,Superior Room with Canal View and Balcony
39714222,Superior Room with City View and Balcony
39714222,Deluxe Room
39714222,Deluxe with Canal View
39714222,Deluxe Room with City View and Balcony
39714222,Junior Suite with Canal View
39714222,Suite with Canal View
39714222,Empress Suite
39714222,Rembrandt Suite with Balcony
39714969,Standard room with 1 double bed & Sofa
39714969,Standard Room with 2 single beds and Sofa
39714969,Superior room with 1 double bed
39714969,Superior room with 2 single beds
39714969,"Superior room with 1 double bed, Pool side"
39714969,"Superior room with 2 single beds, Pool side"
39714969,Suite 1 kingbed & sofa
39714969,Superior Suite with 1 king-size bed
39715525,Deluxe King Room
39715525,Deluxe Twin Room
39715525,Orchid Superior Club
39715525,Orchid Suite
39715525,Royal Suite
39715525,Golf View Suite
39715715,Deluxe Room
39715715,Superior One-bedroom Suite
39723426,Kohinoor Villa with Private Pool
39723426,Luxury Villas with Private Pool
39723426,Premier Room with Private Pool
39723426,Premier Room with Private Garden
39723426,Premier Room with Private Patio
39723426,Premier Room
39723426,Royal Tent with Private Pool
39723426,Luxury Tent with Private Pool
39723426,Luxury Tent with Private Garden
39724021,Deluxe Room
39724021,Premium Room
39724154,Kayon Jungle Suite
39724154,Jungle Pool Villas
39724154,Valley Pool Villas
39724154,Kayon Premier Pool Villas
39724154,Kayon Royal Pool Villas
39724248,Deluxe Terrace Room
39724248,Island Bungalow
39724248,Sunset Bungalow
39724248,Akoya One-Bedroom Pool Villa
39724248,Akoya Two-Bedroom Pool Villa
39724421,Presidential Suite
39724421,Deluxe Suite
39724421,Standard Suite
39724421,Studio Suite
39728082,Ocean View Pool Villas
39728082,Premier Ocean View Pool Villas
39728082,Premier Beach Pool Villas
39728082,Peninsula Ocean View Pool Villas
39728120,Standard room with 1 double bed
39728120,Standard Room with 2 single beds
39728120,Superior Room with 1 double bed
39728120,Superior Room with 2 single beds
39728120,Superior Room with 1 double bed and 1 single bed
39730203,Standard Mix Fruit Room
39730203,Superior Fruit Shake Room
39730203,Deluxe Pool View Room
39730203,Deluxe Pool Access Room
39733159,Family room
39733159,The Palmy suite
39733159,Deluxe sea view - twin or double
39733159,Deluxe garden view - twin or double
39733159,Premier Deluxe (Sea View)
39733159,Executive suite with sea view
39738147,Club Residence
39738147,Studio Residence
39738147,One Bedroom Residence
39738482,Premium Room
39738482,Luxury Room
39738482,Royal Suite
39741660,Prestige Room
39741660,Prestige Room beachfront
39741660,Junior Suite
39741660,Junior Suite beachfront
39741660,Deluxe Suite sea facing
39741660,Pool Villa 2 Bedrooms Garden View
39741660,Pool Villa 3 Bedrooms Garden View
39741660,Pool Villa beachfront
39741660,Presidential Villa
39742268,One Bedroom Jetted Tub Suites
39742268,One Bedroom Pool Villa
39742268,Two Bedroom Pool Villa
39742309,One Bedroom Apartment
39742309,Two Bedroom Apartment
39742309,Three Bedroom Apartment
39742309,Duplex Apartments
39742309,Penthouse
39742890,Pool Villa with Rice Terrace View
39742890,Pool Villa with Valley View
39742890,Pool Villa with Living Room
39742890,One Bedroom Premiere Villa with Private Pool
39742890,Two Bedroom Private Pool
39743918,Deluxe Rooms
39743918,Roof Garden Suites
39743918,Malabar Suite
39744302,Lake View Villa
39744302,Garden View Villa
39744302,Heritage Garden View Villa
39744302,Heritage Family villa (Duplex Villa)
39744302,Private Pool Villa
39744541,Presidential Suite
39744541,Aurika Suite with Private Plunge Pool
39744541,Premier Vista Room With Private Terrace
39744541,Premier Room With Private Terrace
39744541,Deluxe Vista Room
39744541,Deluxe Room
39744541,Differently Abled Room
39745479,Deluxe Rooms
39745479,Pool View Rooms
39745479,Premier Rooms
39745479,Trident Club Rooms
39745479,Club Room with Patio
39745479,Deluxe Suites
39745479,Trident Club Suites
39745479,Premier Suites
39745479,Presidential Suite
39745959,"Superior Room, 43sqm, Garden View, Balcony, 1 King Bed"
39745959,"Superior Room, 43sqm, Pool View, Balcony, 1 King Bed"
39745959,"Deluxe Room, 43sqm, Pool View, Balcony, 1 King Bed and 1 Sofabed"
39745959,"Deluxe Sofabed Room, 43sqm, Sea View, Balcony, 1 King Bed"
39745959,"Family Room, 47sqm, Garden View, Balcony, 1 King Bed and 1 Queen Bed"
39745959,"Family Suite, 87sqm, Sea View, Living Area, Balcony, 1 King Bed"
39746243,"Room Superior Room for person with reduced mobility, with 1 double bed"
39746243,Room Superior Room with 1 double bed
39746243,Room Privilege room -1 double bed
39746243,"Room Privilege room, view of Eiffel Tower or Sacré-Cœur - 1 double bed"
39746243,Room Superior Room with twin beds
39746243,Room Superior room-1 double bed and 1 sofa bed
39746243,Room Superior Room-2 single beds and 1 sofa bed
39747565,Single Room
39747565,French Double Room
39747565,Standard Double Room
39747565,Superior Double Room
39747565,Superior Triple Room
39747565,Superior Family Room
39747565,Deluxe Double Room
39747565,Deluxe Triple Room
39747565,Deluxe Family Room
39749081,JM Family Suite
39749081,City View Room
39749081,Deluxe Cozy Twin
39749081,Deluxe Cozy Double
39749081,Junior Room
39749081,Family Cozy Room
39749081,Honeymoon Romance Balcony
39750533,1 Queen Standard
39750533,1 Queen Standard City View
39750533,1 Queen Standard High Floor
39750533,1 Queen Standard Accessible
39750533,2 Twin Standard
39750533,2 Twin Standard City View
39750533,2 Twin Standard High Floor
39750533,1 Queen Standard Loft Top Floor
39750533,1 Queen Premium Loft
39750533,Standard Room
39750533,Family Room - 1 Queen 2 Twin Standard Connecting Room (Standard/High Floor)
39751305,Double Room Superior
39751305,Double Room
39751305,Double Room Courtyard
39751305,Single Room Courtyard
39751534,Superior Room
39751534,Deluxe Pool View
39751534,Deluxe Room Only
39751534,Deluxe Sunset View
39751534,Deluxe Twin Room
39751534,Seaside Escape Room
39751992,Deluxe Room
39751992,Junior Suites
39751992,Queen Elizabeth Suite
39751992,Presidential Suite
39752392,Room with 1 double bed
39752392,Superior Family room
39752392,Room for three persons
39752392,Family room
39753300,Deluxe Rooms
39753300,Deluxe Suites
39754949,Standard Room
39754949,Deluxe Room
39754949,Club Room
39754949,Suite
39756479,Studio
39756479,Studio with balcony
39756479,One Bedroom Suite
39756479,One Bedroom Garden Suite
39756479,Two Bedroom suite
39759453,Euro Suite 2 Room
39759453,Euro Suite Room
39759453,Standard Twin Room
39759453,Standard Room
39759453,Studio Room
39759453,Family Room
39759453,Euro Suite Twin Room
39762938,Standard Room
39762938,Deluxe Room
39762938,Club Room
39763327,Standard Room
39763327,Club Room
39763327,Junior Suite
39763327,Deluxe Suite
39763327,Luxury Suite
39763327,Executive Room
39763327,Lifestyle Suite & Balcony
39763859,Standard Queen Room
39763859,Standard Twin Room
39763859,Superior Queen Room
39763859,Superior Twin Room
39763956,Presidential Suite
39763956,Panorama Suite
39763956,Executive Suite
39763956,Royal Club Room at The Leela Ambience Gurugram
39763956,Royal Club Room with Terrace
39763956,Premier Room at The Leela Ambience Gurugram
39763956,Deluxe Room
39763956,Residences
39764958,Deluxe Suite Double
39764958,Deluxe Suite Double Pool View
39764958,Grand Deluxe Suite Double
39764958,Grand Deluxe Suite Hollywood Twin
39764958,Grand Deluxe Suite Double Pool View
39764958,Grand Deluxe Suite Hollywood Twin Pool View
39764958,Grand Deluxe Suite Double Pool Terrace
39764958,Junior Suite Double
39764958,Two Bedroom Suite
39764958,Grand Two Bedroom Suite
39764958,Grand Two Bedroom Suite with Bathtub
39764958,Grand Two Bedroom Pool Terrace
39764958,Three Bedroom Suite
39764958,Three Bedroom Pool Terrace
39764958,Grand Three Bedroom Pool Terrace
39764958,Exclusive Two Bedroom Penthouse
39764969,Premier Room
39764969,Superior Room
39764969,Deluxe King Room
39765129,Triple Rooms
39765129,Triple with Balcony
39765129,Two Interconnecting Double Rooms
39765129,Two Interconnecting Double Rooms with Balcony
39765129,Triple + Interconnecting Double
39765129,Double with Balcony
39765129,Superior Double with View
39765129,Double with 1 or 2 Beds
39765129,Double Room with View
39765129,Family with Balcony
39765176,Superior Floor Deluxe Twin Room
39765176,Superior Floor Comfort Twin Room
39765176,Superior Floor Comfort Triple Room
39765176,Superior Floor Standard Twin Room
39765176,Superior Floor Standard Triple Room
39765176,Superior Floor Double Room
39765176,Comfort Twin Room
39765176,Comfort Triple Room
39765176,Standard Twin Room
39765176,Standard Triple Room
39765176,Comfort Corner Twin Room
39765176,Corner Twin Room
39765176,Casual Twin Room
39765176,Double Room
39765756,Deluxe Pool View Room
39765756,Deluxe Suite Pool View
39766288,Standard Queen Room
39766288,Standard Twin Room
39766288,Superior Queen Room - Complimentary Transfer to US Consulate
39766288,Superior Twin Room - Complimentary Transfer to US Consulate
39766288,Accessible room
39766832,Standard Room
39766832,Deluxe Room
39766832,Classic Room
39767819,Suite with Balcony
39767819,Executive Room with Balcony
39767819,Deluxe Room with Balcony
39769917,Superior Room
39769917,Deluxe Room
39769917,Family Room
39769917,Suite
39773194,STANDARD TWIN ROOM
39773194,Standard Double Room
39773194,Standard Triple Room
39773194,Standard Single Room
39773697,Standard Double Room
39773697,Superior Double Room
39773697,Standard Twin Room
39773697,Deluxe Twin Room
39773697,Triple Room
39773697,Standard Double Room [Wide Bed w160cm]
39773697,Superior Double Room [Shower Booth]
39773697,Godzilla View Double Room
39773697,Godzilla Floor Double Room
39773697,Godzilla Floor Twin Room
39773697,Godzilla Floor Triple Room
39773697,Godzilla Room
39773697,Godzilla VS. King Ghidorah Room
39773697,Universal Twin Room
39775009,Room Small
39775009,Room Medium
39775009,Room Medium Bunk Bed
39775009,Room Large
39775009,Room Extra Large
39775009,Suite Haeberli Suite
39775009,Suite Vitality Suite
39775386,River View Pool
39775386,Duplex Pool Villa
39775386,Pool View Suite
39775386,Family Pool Villa
39775892,Deluxe Superior Queen Room @ 43 Hong Kong Street
39775892,Premier Executive King Room @ 43 Hong Kong Street
39775892,Premier Garden Queen @ 43 Hong Kong Street
39775892,DELUXE TWIN ROOM
39775892,DELUXE DOUBLE ROOM
39775892,EXECUTIVE TWIN ROOM
39775892,EXECUTIVE DOUBLE ROOM
39775892,PREMIER ROOM
39775892,LOFT
39777802,"Superior Prime, 2 Single Beds"
39777802,Executive King Bed Suite
39777802,Deluxe King Bed Suite
39778743,Royal Suite
39778743,Deluxe Suite
39780971,Suite with Balcony
39780971,Presidential Suite at Residences
39780971,Golf View Suite with Balcony at Residences
39780971,Hill View Suite with Balcony at Residences
39780971,Suite with Balcony at Residences
39781154,Heritage Rooms
39781154,Premier Rooms
39781154,Deluxe Suite with Living Room
39781154,Luxury Suite with Living Room
39781154,Lutyens Suite
39781915,Standard Room with 1 double bed
39781915,Room with 2 single beds equipped with the new bedding
39784503,Room Executive room with 1 queen-size bed and sofa
39784503,Room Superior room with double bed and sofa
39784503,Room Superior room with two separate beds and sofa
39784503,Room Superior room double bed and armchair
39784503,"Room Suite with double bed and sofa, two separate rooms"
39787003,Superior Double Room
39787003,Superior Twin Room
39787003,Superior Double Room with Balcony
39787003,Deluxe Room
39787003,Junior Suite Room
39787003,Family Suite
39787003,Two Bedroom Mountain Top Villa
39787003,Three Bedroom Mountain Top Villa
39787003,Royal Suite
39799919,Standard Room
39799919,Executive Room
39799919,Suite Room
39801040,Lakeshore Signature - Non Island Room
39801040,Lakeshore Manor - Non Island Suite
39804284,Room Superior Room 1 Queen Bed
39804284,Room Superior Room Twin Beds
39805587,Room Deluxe Double Bed Room
39805587,Room Deluxe Twin Bed Room
39805587,Room Premium Deluxe Double Bed Room
39805587,Room Premium Deluxe Twin Bed Room
39805587,Room G Deluxe Double Bed Room
39805587,Room G Deluxe Twin Bed Room
39805587,"Room G Club Double Bed Room, Lounge Access"
39805587,"Room G Club Twin Bed Room, Lounge Access"
39805587,"Room Executive Double Bed Room, Lounge Access"
39805587,"Room Executive Twin Bed Room, Lounge Access"
39805587,"Room Corner Suite, Lounge Access"
39805587,"Room Presidential Suite, Lounge Access"
39805587,"Suite G Suite, Lounge Access"
39805587,"Suite Executive Suite, Lounge Access"
39807776,Standard Square Wing
39807776,Amtel Suite Square Wing
39807776,VIP Suite Square Wing
39807776,Superior Sky Wing
39807776,Deluxe Sky Wing
39807776,Privilege Sky Wing
39807776,Superior Suite Sky Wing
39807776,Privilege Suite Sky Wing
39811711,Superior Room King Bed Diplomatic Enclave View
39811711,Superior Room King Bed Forest and Pool View
39811711,Superior Room Twin Bed Diplomatic Enclave View
39811711,Deluxe Room King Bed Diplomatic Enclave View
39811711,Deluxe Room Twin Bed Diplomatic Enclave View
39811711,Deluxe Room King Bed Forest and Pool View
39811711,Luxury Room King Bed Diplomatic Enclave View
39811711,Luxury Room Twin Bed Diplomatic Enclave View
39811711,Taj Club Room King Bed Diplomatic Enclave View
39811711,Taj Club Room Twin Bed Diplomatic Enclave View
39811711,Taj Club Room King Bed Forest and Pool View
39811711,Taj Club King Bed Junior Suite
39811711,Taj Club Suite King Bed Diplomatic Enclave View
39811711,Taj Club Suite King Bed Forest and Pool View
39811711,Luxury Suite King Bed Pool View
39811711,Garden Luxury Suite King Bed Pool View with Private Terrace
39811711,Garden Presidential 2 Bed Suite Pool View
39811711,Presidential Suite King Bed Pool View
39811711,Tata Suite 2 Bed King/ Twin Pool View
39826192,Superior Double Room with Balcony and City View
39826192,Superior Twin Room with Balcony and City View
39826192,Deluxe Double Room with Balcony and Han River view
39826192,Studio Triple Room with Balcony and Han River view
39835554,Palace Suite - Sri Parvathy
39835554,Palace Suite - Sri Lakshmi
39835554,Palace Suite - Sri Sharada
39835554,Palace Suite - Sri Swathi
39835554,"Presidential Suite at The Leela Kovalam, A Raviz Hotel"
39835554,Ocean View Suite
39835554,Royal Club Duplex Suite
39835554,"Royal Club Suite at The Leela Kovalam, A Raviz Hotel"
39835554,"Royal Club Room at The Leela Kovalam, A Raviz Hotel"
39835554,Premier Sea View Room
39835554,Sea View Villa
39835554,Garden View Villa
39836727,Comfort Rooms
39836727,Executive Room
39836727,Royal Suite Rooms
39841295,Suite Room
39841295,Royal Room
39841295,Premium room
39841295,VIP Room
39841306,Tropic Green Room with Mountain View
39841306,Moonlight Bliss Room with Private Terrace & Mountain View
39841306,Wild Orchid Suite with Private Terrace & Mountain View
39841306,Royal Fragrant Suite with Private Terrace & Mountain View
39841306,Standard Tropic Green Room with Partial Mountain View
39842172,Room Superior Room with King size bed
39842172,Room Superior Room with 2 Single beds
39842172,Room Executive Room with King-size bed
39842172,Room Superior family room with two King size beds
39842172,Suite Junior Suite with King size bed
39856699,Executive Room
39856699,Executive Room with Bathtub
39856699,Suite
39938063,Room Deluxe King Bed
39938063,Room Deluxe Twin Bed
39938063,Room Executive King Bed
39938063,Room Executive Twin Bed
39938063,Room Premier Room King with complimentary lounge access
39938063,Room Premier Room Twin with complimentary longue access.
39938063,Suite Junior Suite King Bed with Complimentary Lounge Access
39938063,Suite Executive Suite with Complimentary Lounge Access
39938063,Suite Premier Suite with Complimentary Lounge Access
39943124,Deluxe Rooms
39943124,Family Rooms
39958465,Presidential Suite at The Leela Gandhinagar
39958465,Royal Suite at The Leela Gandhinagar
39958465,Premier Club Central Vista View Room
39958465,Luxury Garden View Room
39958465,Deluxe Horizon View Room
39962908,Deluxe Room
39962908,Superior Room
39962908,Premium Suite Room
39962908,One Bedroom Apartment
39962908,Two Bedroom Apartment
39962911,Twin Room
39962911,Double Room
39962911,Family Room
39962911,Interconnecting Family Room
39962911,Accessible Room
39962911,Dog-Friendly Room
39962928,Standard Room with 1 double bed
39962928,Room with 2 single beds equipped with the new bedding
39962928,Accessible room
39969034,Premier Heritage Room
39969034,Luxury Room
39969034,Heritage Suite
39969034,Family Suite
39969923,Classic Room (King)
39969923,Classic Room (Twin)
39969923,Deluxe Room (King)
39969923,Deluxe Room (Twin)
39969923,Premium Room (King)
39969923,Premium Room Twin - High Floor
39969923,Swiss Executive Room (King)
39969923,Swiss Executive Room (Twin)
39969923,Swiss Signature Room King with Jacuzzi and Terrace
39969923,Classic Suite
39969923,Executive One Bedroom Suite
39969923,Executive Two Bedroom Suite
39969923,Swiss Signature Suite with Jacuzzi and Terrace
39969923,Royal Suite
39969923,Executive Suite
39969923,Studio
39969923,ONE BEDROOM APARTMENT
39969923,TWO BEDROOM APARTMENT
39969923,THREE BEDROOM APARTMENT
39969923,THREE BEDROOM APARTMENT DUPLEX
39969923,PENTHOUSE
39969923,Kids Room
39970190,Junior Suite
39970190,Executive Suite
39970190,Club Room
39970190,Superior Room
39970190,Deluxe Triple Room
39970190,Deluxe Room
39972687,Standard AC Room
39972687,Superior AC Room
39972687,Attic AC Villa
39972687,Deluxe Family AC Room
39979181,Maharaja Suite at The Leela Palace Jaipur
39979181,Maharani Suite
39979181,Royal Suite
39979181,Royal Villa with Plunge Pool at The Leela Palace Jaipur
39979181,Royal Villa with Courtyard
39979181,Grand Villa with Terrace
39979181,Grand Villa
39979181,Palace Suites
39979181,Palace Rooms
39980852,Superior Suite
39980852,Superior Twin Room
39980852,Superior Double Room
40471512,Standard Room Twin Bed
40471512,Superior City View
40471512,Bungalow Garden View
40471512,Deluxe Main Building
40471512,Villa
40471512,Villa Deluxe
40471512,Suite
40909767,Double Room
40909767,Twin Room
40909767,Family Room
40909767,Family Interconnecting Room
41215800,Classic Room
41215800,Classic Room with Balcony
41215800,Cuba Cottage
41216556,Luxury Sea View Room
41216556,Luxury Family Room
41216556,Luxury Family Palm Sea View Room
41216556,Luxury Suite Sea View
41216556,Grand Luxury Suite Sea View with Open Jacuzzi
41216556,Exotica Suite Sea View with Open Jacuzzi
41216556,Two-bedroom Grand Luxury Suite Sea View
41216556,Four-bedroom Presidential Suite Sea View
41217137,Accessible room
41217137,Family room
41217137,Business double room
41217137,Business room with separate beds
41270251,Superior Room With King Bed and free Wifi
41270251,Superior Room With Twin Bed and free Wifi
41270251,Executive Room With King Bed and free Wifi
41270251,Executive Room With 2 Single Beds
41270251,Superior Suite With 1 Double Bed and Sofa
41282838,Private Pool Villas
41282838,Garden View Rooms
41284058,Winter Green Room
41284058,Winter Green Premium Room
41284058,Hazel Suite
41290231,Studio King Room
41290231,Studio Executive Twin Room
41290231,2-Bedroom Suite
41351144,Luxury Lake View Villa
41351144,Romantic Private Pool Villa
41351144,Luxury Jacuzzi Villa
41351148,Standard Room
41351148,Deluxe Room
41351148,Superior Room
41351148,Dimora Suite
41358067,PREMIUM RACE VIEW ROOM
41358067,CLASSIC ROOM
41363886,Standard Double or Twin room
41363886,Accessible room
41363886,Deluxe Double or Twin room
41363886,Studio
41363886,Superior Double or Twin room
41363886,Executive Suite
41387074,Standard Room King
41387074,Standard Room Twin
41413051,Junior Balcony Double/Twin Room
41413051,Deluxe Window Double/Twin Room
41413051,Family Connecting Room
41413051,City View Room
41413051,Honeymoon City View Room
41413051,Terrace Suite City View
41413051,GM Premium Suite
41413051,Family Suite
41413051,Executive Suite Balcony Double/Twin
41413708,Deluxe Villa Tea Gardens View
41413708,Deluxe Villa Mountain View
41413708,Pawcations Room
41413708,Premium Villa Tea Garden View
41413708,Premium Grand Villa
41413708,SeleQtions Suite
41437368,Executive Double Room
41437368,Superior Double Room
41437368,Standard Single Room
41437368,Business Room
41437368,Universally Accessible Rooms
41437368,Deluxe Twin Room
41458236,Superior Room
41458236,Deluxe Room + View Bath
41458236,Deluxe Room + Terrace
41458236,Premium Room + Sea View With Bath And Terrace
41466668,Deluxe Queen with Balcony
41466668,Fairfield Deluxe Queen
41466668,Deluxe Twin with Balcony
41466668,Fairfield Deluxe Twin
41466668,Fairfield Suite Queen with Balcony
41466668,Executive Suite
41466668,Corner Family Studio
41482990,Deluxe Rooms
41482990,Grand Deluxe Rooms
41482990,Club Level Rooms
41482990,Presidential Suite
41482990,One-Bedroom Apartments
41482990,Two-Bedroom Apartments
41482990,Three-Bedroom Apartments
41486792,Standard Queen Room
41486792,Standard Twin Room
41486792,Superior Queen Room - 30% discount on F&B
41486792,Superior Twin Room - 30% discount on F&B
41486792,Accessible room
41487183,Deluxe Room with City View
41487183,Superior Room with Balcony
41492531,Cottage Suite Room
41492531,2 Bedroom Cottage
41501114,Premier Room
41501114,Premier Plus Room
41501114,Deluxe Suite
41501114,Junior Suite
41501114,Junior Family Suite
41501114,Jacuzzi Suite
41501114,Jacuzzi Sky Suite
41501114,Deluxe 2 Suites Connected
41507160,Standard Double Room
41507160,Standard Twin Room
41507160,Standard Triple Room
41507160,Living room
41507160,Accessible Room
41529128,Deluxe Room
41529128,Premium Room
41529128,Premium Executive Room
41529128,Yashshree Suite
41538323,Deluxe Room King Size Bed
41538323,Deluxe Room Twin Bed
41538323,Deluxe Room King - Garden View
41538323,Deluxe Room King - Pool View
41538323,Deluxe Room Twin - Pool View
41538323,Deluxe Room King - Pool Access
41538323,Junior Suite King Size Bed
41538323,Junior Suite Twin Bed
41538323,Executive Suite King Size Bed
41538346,Studio Residences
41538346,Premiere City Suites
41538346,Premiere Suites
41538346,Signature City Suites
41538346,Signature Suites
41538346,The Vakko Room
41544742,Executive Rooms
41544742,Deluxe Rooms
41544742,Suite Rooms
41544782,Superior Room
41544782,Deluxe Room
41544782,Deluxe Room with Balcony
41546802,Classic Room
41546802,Mountain View Classic Room
41546802,Premier Room
41546802,Privilege Suite
41546802,Guest Room
41601020,Luxury Tropical King Room - Garden View
41601020,Luxury King Room - Courtyard View
41601020,Luxury Tropical Twin Room - Garden View
41601020,Luxury King Room - Bay View
41601020,Luxury Room - Bay/Garden View King
41601020,"Luxury Room, Bedroom - Plunge Pool"
41601020,Luxury Room Twin Tropical View
41601020,Luxury Suite
41601020,Luxury Twin Room - Bay View
41601020,Family Suite
41601020,Deluxe Suite
41601020,Luxury Twin Room - Courtyard View
41619604,Deluxe Room With Balcony
41619604,Deluxe Room With Garden
41619604,Premium Room With Balcony
41619604,Premium Room With Plunge Pool
41619604,SeleQtions Suite
41619604,Pawcations Room
41621183,Deluxe Twin Quiet
41621183,Terrace Studio Family Suite
41621183,Junior Suite with Balcony
41621183,Premier Suite Quad balcony
41621183,Connecting Suite with Balcony
41621183,Deluxe Family Quiet
41621183,Superior Double Quiet
41621183,Premier Family Suite with Balcony
41621183,Executive Suite with Terrace
41621183,Premier Twin with Balcony
41621183,Premier Twin City view
41621183,Premier Family Suite City view
41621183,Premier Quadruple City View
41621183,Deluxe Queen Suite Big Window
41621506,Junior Suite
41621506,Senior Suite
41621506,Triple Senior Suite
41621506,Family Suite
41621506,Erina Honeymoon Suite
41621506,Erina President Suite
41625356,Standard Rooms
41625356,Superior Courtyard View Rooms
41625356,Deluxe City Rooms
41625356,Grand Deluxe Balcony Mountain View Rooms
41625356,Premium Mountain View with Balcony Rooms
41641095,Standard Room with 1 Queen Size Bed
41641095,Standard Room with 2 Single Beds
41641095,Superior Room with 1 Queen Size Bed
41641095,Superior Room with 2 Single Beds
41641487,SUPERIOR DOUBLE CITY VIEW
41641487,DELUXE DOUBLE CITY VIEW
41641487,DELUXE TWIN CITY VIEW
41641487,DELUXE DOUBLE BATHTUB CITY VIEW
41641487,PREMIER DOUBLE CITY VIEW
41641487,SENIOR SUITE
41641487,EXECUTIVE SUITE
41641487,SKY SUITE
41641487,ESTRELLA SUITE WITH JACUZZI
43671403,Deluxe Twin Room
43671403,Deluxe Double Room with Bath
43671403,Suite with Balcony
43671403,Triple Room with City View
43671403,Deluxe Double Room with Balcony
43671403,Superior Double Room
43901555,Room Standard Queen Room
43901555,Room Standard Twin Room
43901555,Room Superior Queen Room
43901555,Room Superior Twin Room
44142381,Luxe Twin Room
44142381,Luxe Queen Room
44142381,D-Luxe Queen Room
44142381,D-Luxe Twin Room
44142381,Executive Queen Room
44492480,Sunset Sky Suite
44492480,Sunset Beach Suite
44492480,Sunset Beach Villa
44492480,Sunset Beach Villa with Pool
44492480,Two-Bedroom Sunset Beach Villa with Pool
44492480,Sunset Family Sky Suite
44492480,Sunset Family Beach Suite
44492480,Sunset Four-Bedroom Family Nest
50613394,Standard Room
50613394,Basic Room
50613394,Superior Room
50864852,Executive Room
50864852,Superior Room
50864852,Superior Suite
50890012,Royal Mist Bath Tub Rooms
50890012,Retreat The Serene Luxury Cottage
50890012,Whispering Pines The Cozy Villa Escape With Private Bath Tub
50890012,Misty Cabin The Serene Villa Retreat With Open Shower
50890012,Serenity Springs The Blissful Jaccuzi Villa Escape
50890012,Enchanted Haven The Tranquil Pool Villa Retreat
50890012,Enchanting Dancing Drops Watch tower
50954592,Presidential Suite
50954592,Aurika Suite
50954592,Executive Suite
50954592,Premium King Room
50954592,Premium Twin Room
50954592,Deluxe King Room with Pool View
50954592,Executive Room
50954592,Deluxe Twin Room
50954592,Deluxe King Room
54907228,Astor Suite
54907228,Luxury Suite
54907228,Penthouse
54907228,Studio Suite
54907228,Junior Suite
55213144,Executive Room
55213144,Deluxe Room
55213144,Executive Suite
55213144,Family Suite
55213144,Presidential Suite
55392868,Executive Room
55392868,Club Room
63127771,Deluxe Twin Room
63127771,Deluxe King Room
63127771,Two-Bedroom Suite
63127771,Premier Twin Room
63127771,Premier King Room
63127910,Superior City Side Room
63127910,Superior Twin City Side Room
63127910,Superior Sea Side Room
63127910,Superior Twin Sea Side Room
63127910,Deluxe City Side Room
63127910,Corner Deluxe Sea Side Room
63127910,Deluxe Suite
63127910,Panaromic Suite
63127910,Executive Studio Apartment
63127910,Executive 1 Room Apartment
63127910,Panaromic Executive Suite
63127910,Executive 2 Rooms Apartment
70440597,Deluxe Room
70440597,Deluxe Room with Balcony
70440597,Superior Room
70440597,Premium Honeymoon Room with Plunge Pool
70440597,SeleQtions Pawcations Room
70441765,Standard Single Room
70441765,Standard Double Room
70446173,Royal Pool Suite
70446173,Imperial Pool Suite
70446173,Presidential Pool Suite
70446641,1 King Bed Studio Room
70446641,2 Single Beds Studio Room
70446641,"1 King Bed, 2 Single Beds Family Room"
70476686,Superior Garden View Room
70476686,Superior Pool View Room
70476686,Two Bedroom Family Garden View Suite
70476686,Two Bedroom Family Pool View Suite
70476686,Two Bedroom Family Pool Access Suite
70479312,Superior City View
70479312,Superior Ocean View
70479312,Deluxe City View
70479312,Deluxe Ocean View
70479312,Club Deluxe City View
70479312,Club Deluxe Ocean View
70479312,Executive Suite Ocean View
70479312,Ceylon Suite
70489167,Standard Room with 1 double bed
70489167,Standard Room with 2 single beds
70489167,"Superior Room with 1 double bed, with Balcony"
70489167,"Superior Room with 2 single beds, with Balcony"
70489167,"Executive Room with 1 queen-size bed, with balcony"
70489167,"Executive Suite with 1 double bed, with balcony and sofa"
70499474,Classic Room With Balcony
70499474,Family Room With Balcony
70499474,Privilege Suite With Balcony
70499474,Haveli Room
70499474,Room Assigned on Arrival
70499474,Guest Room
70508694,FAIRMONT 1 King Bed City View
70508694,FAIRMONT 2 Single Beds City View
70508694,FAIRMONT 1 King Bed Pool View
70508694,FAIRMONT 2 Single Beds Pool View
70508694,FAIRMONT 1 King Bed Airport View
70508694,FAIRMONT 2 Single Beds Airport View
70508694,SIGNATURE 1 King Bed City View
70508694,SIGNATURE 2 Single Beds City View
70508694,SIGNATURE 1 King Bed Airport View
70508694,SIGNATURE 2 Single Beds Airport View
70508694,"FAIRMONT GOLD 1 King Bed, Fairmont Gold Lounge access"
70508694,"FAIRMONT GOLD 2 Single Beds, Fairmont Gold Lounge access"
70508694,"SIGNATURE GOLD 1 King Bed, Gold Lounge access"
70508694,"SIGNATURE GOLD 2 Single Beds, Gold Lounge access"
70508694,"JUNIOR SUITE 1 King Bed, Fairmont Gold Lounge access"
70508694,"DELUXE SUITE 1 King Bed, Fairmont Gold Lounge access"
70508694,"FAIRMONT SUITE ,1 King Bed, Fairmont Gold Lounge access"
70508694,"SIGNATURE SUITE, 1 King Bed, 2 Hollywood Beds, Fairmont Gold Lounge access"
70508694,"PRESIDENTIAL SUITE, 1 King Bed, 2 Hollywood Beds, Fairmont Gold Lounge access"
70508837,Room Retreat - Double Double
70508837,Room Rainforest - King
70508837,Room Rainforest - Double Double
70508837,Room Sanctuary - King
70508837,Room Sanctuary - Double Double
70508837,Room Family Retreat
70508837,Room Family Rainforest
70508837,Room Family Sanctuary
70508837,Room Mandai Rainforest Treehouse
70508837,Room Retreat - King
70508837,Suite Rainforest Suite
70508837,Suite Sanctuary Suite
70508837,Suite Mandai Sanctuary Treehouse
70509407,Executive Room with 1 King Bed
70509407,Executive Room with 2 single beds
70509407,Deluxe Room with 1 King Bed with Balcony
70509407,Premium Room with 1 King Bed with Balcony and Bathtub
70509407,Premium Room with 2 Single Beds with Balcony and Bathtub
70509407,One Bedroom Family Suite with Balcony and Bathtub
70509407,"Club Room with Balcony,Bathtub and Private Plunge Pool"
70509407,"Club Room with Balcony,Bathtub and Private Jacuzzi"
70509407,"Luxury Suite with Balcony , Bathtub and Private Jacuzzi"
71001074,Premium Room
71001074,Premium Room (Twin Bed)
71001074,Premium Suite Room
71047594,Deluxe Room
71047594,Premier Room
71047594,Club Room
71047594,Deluxe Twin Room
71047594,May Flower Suite
71179865,Fairmont King Room
71179865,Fairmont Twin Room
71179865,Fairmont King Room With Terrace And Cabana
71179865,Fairmont Twin Room With Terrace And Cabana
71179865,Fairmont King Room With Plunge Pool
71179865,Fairmont Twin Room With Plunge Pool
71195163,Classic Room
71195163,Premium Room
71195163,Premium Twin Room
71195163,Executive Room
71195163,Evren Suite
72258151,Mayura Deluxe Room
72258151,Mewar Superior Room
72258151,Mayura Deluxe Accessible Room
72258151,Grand Panoramic Suite
72258151,Heritage Palace Room
72258151,Royal Village Suite
72258151,Rajwada Suite
72325923,Superior Room with 1 King Bed
72325923,Superior Room with Twin Bed
72325923,Deluxe Rooom with 1 King Bed
72325923,Deluxe Rooom with Twin Beds
72325923,Premier Room with 1 King Plus bed
72325923,Premier Room with Twin beds
72325923,Junior Suite with 1 King Plus bed
72325923,"Executive Suite with 1 king-size bed and 2 single beds, Jacuzzi, terrace"
